,replication,apk,category,generating_script,true_positive,successful,time,category_precision,category_recall,category_fmeasure,run_precision,run_recall,run_fmeasure,aliasalgo,aplength,callbackanalyzer,codeelimination,cgalgo,dataflowsolver,implicit,maxcallbackspercomponent,maxcallbacksdepth,pathalgo,staticmode,taintwrapper,aliasflowins,analyzeframeworks,nocallbacks,noexceptions,nothischainreduction,onesourceatatime,onecomponentatatime,pathspecificresults,enablereflection,singlejoinpointabstraction
15834,1,/home/user/Documents/benchmarks/DroidBench30/benchmark/apks/AndroidSpecific/DirectLeak1.apk,AndroidSpecific,/home/user/Documents/git/AndroidTAEnvironment/configurations/FlowDroid/2-way/config_FlowDroid_2way_2.xml,True,True,38068,1.0,0.9,0.947368421,0.798319328,0.592592593,0.680241665,LAZY,4,DEFAULT,NONE,RTA,FLOWINSENSITIVE,NONE,80,0,CONTEXTSENSITIVE,CONTEXTFLOWSENSITIVE,DEFAULTFALLBACK,False,True,False,True,False,True,False,True,False,True
15837,1,/home/user/Documents/benchmarks/DroidBench30/benchmark/apks/AndroidSpecific/InactiveActivity.apk,AndroidSpecific,/home/user/Documents/git/AndroidTAEnvironment/configurations/FlowDroid/2-way/config_FlowDroid_2way_2.xml,False,True,6832,1.0,0.9,0.947368421,0.798319328,0.592592593,0.680241665,LAZY,4,DEFAULT,NONE,RTA,FLOWINSENSITIVE,NONE,80,0,CONTEXTSENSITIVE,CONTEXTFLOWSENSITIVE,DEFAULTFALLBACK,False,True,False,True,False,True,False,True,False,True
15840,1,/home/user/Documents/benchmarks/DroidBench30/benchmark/apks/AndroidSpecific/Library2.apk,AndroidSpecific,/home/user/Documents/git/AndroidTAEnvironment/configurations/FlowDroid/2-way/config_FlowDroid_2way_2.xml,True,True,37132,1.0,0.9,0.947368421,0.798319328,0.592592593,0.680241665,LAZY,4,DEFAULT,NONE,RTA,FLOWINSENSITIVE,NONE,80,0,CONTEXTSENSITIVE,CONTEXTFLOWSENSITIVE,DEFAULTFALLBACK,False,True,False,True,False,True,False,True,False,True
15843,1,/home/user/Documents/benchmarks/DroidBench30/benchmark/apks/AndroidSpecific/Obfuscation1.apk,AndroidSpecific,/home/user/Documents/git/AndroidTAEnvironment/configurations/FlowDroid/2-way/config_FlowDroid_2way_2.xml,True,True,38469,1.0,0.9,0.947368421,0.798319328,0.592592593,0.680241665,LAZY,4,DEFAULT,NONE,RTA,FLOWINSENSITIVE,NONE,80,0,CONTEXTSENSITIVE,CONTEXTFLOWSENSITIVE,DEFAULTFALLBACK,False,True,False,True,False,True,False,True,False,True
15846,1,/home/user/Documents/benchmarks/DroidBench30/benchmark/apks/AndroidSpecific/Parcel1.apk,AndroidSpecific,/home/user/Documents/git/AndroidTAEnvironment/configurations/FlowDroid/2-way/config_FlowDroid_2way_2.xml,True,True,127715,1.0,0.9,0.947368421,0.798319328,0.592592593,0.680241665,LAZY,4,DEFAULT,NONE,RTA,FLOWINSENSITIVE,NONE,80,0,CONTEXTSENSITIVE,CONTEXTFLOWSENSITIVE,DEFAULTFALLBACK,False,True,False,True,False,True,False,True,False,True
15849,1,/home/user/Documents/benchmarks/DroidBench30/benchmark/apks/AndroidSpecific/PrivateDataLeak1.apk,AndroidSpecific,/home/user/Documents/git/AndroidTAEnvironment/configurations/FlowDroid/2-way/config_FlowDroid_2way_2.xml,True,False,14176,1.0,0.9,0.947368421,0.798319328,0.592592593,0.680241665,LAZY,4,DEFAULT,NONE,RTA,FLOWINSENSITIVE,NONE,80,0,CONTEXTSENSITIVE,CONTEXTFLOWSENSITIVE,DEFAULTFALLBACK,False,True,False,True,False,True,False,True,False,True
15852,1,/home/user/Documents/benchmarks/DroidBench30/benchmark/apks/AndroidSpecific/PrivateDataLeak2.apk,AndroidSpecific,/home/user/Documents/git/AndroidTAEnvironment/configurations/FlowDroid/2-way/config_FlowDroid_2way_2.xml,True,True,43453,1.0,0.9,0.947368421,0.798319328,0.592592593,0.680241665,LAZY,4,DEFAULT,NONE,RTA,FLOWINSENSITIVE,NONE,80,0,CONTEXTSENSITIVE,CONTEXTFLOWSENSITIVE,DEFAULTFALLBACK,False,True,False,True,False,True,False,True,False,True
15855,1,/home/user/Documents/benchmarks/DroidBench30/benchmark/apks/AndroidSpecific/PrivateDataLeak3.apk,AndroidSpecific,/home/user/Documents/git/AndroidTAEnvironment/configurations/FlowDroid/2-way/config_FlowDroid_2way_2.xml,True,True,48976,1.0,0.9,0.947368421,0.798319328,0.592592593,0.680241665,LAZY,4,DEFAULT,NONE,RTA,FLOWINSENSITIVE,NONE,80,0,CONTEXTSENSITIVE,CONTEXTFLOWSENSITIVE,DEFAULTFALLBACK,False,True,False,True,False,True,False,True,False,True
15858,1,/home/user/Documents/benchmarks/DroidBench30/benchmark/apks/AndroidSpecific/PublicAPIField1.apk,AndroidSpecific,/home/user/Documents/git/AndroidTAEnvironment/configurations/FlowDroid/2-way/config_FlowDroid_2way_2.xml,True,True,43823,1.0,0.9,0.947368421,0.798319328,0.592592593,0.680241665,LAZY,4,DEFAULT,NONE,RTA,FLOWINSENSITIVE,NONE,80,0,CONTEXTSENSITIVE,CONTEXTFLOWSENSITIVE,DEFAULTFALLBACK,False,True,False,True,False,True,False,True,False,True
15861,1,/home/user/Documents/benchmarks/DroidBench30/benchmark/apks/AndroidSpecific/PublicAPIField2.apk,AndroidSpecific,/home/user/Documents/git/AndroidTAEnvironment/configurations/FlowDroid/2-way/config_FlowDroid_2way_2.xml,True,True,28691,1.0,0.9,0.947368421,0.798319328,0.592592593,0.680241665,LAZY,4,DEFAULT,NONE,RTA,FLOWINSENSITIVE,NONE,80,0,CONTEXTSENSITIVE,CONTEXTFLOWSENSITIVE,DEFAULTFALLBACK,False,True,False,True,False,True,False,True,False,True
15864,1,/home/user/Documents/benchmarks/DroidBench30/benchmark/apks/AndroidSpecific/View1.apk,AndroidSpecific,/home/user/Documents/git/AndroidTAEnvironment/configurations/FlowDroid/2-way/config_FlowDroid_2way_2.xml,True,True,39075,1.0,0.9,0.947368421,0.798319328,0.592592593,0.680241665,LAZY,4,DEFAULT,NONE,RTA,FLOWINSENSITIVE,NONE,80,0,CONTEXTSENSITIVE,CONTEXTFLOWSENSITIVE,DEFAULTFALLBACK,False,True,False,True,False,True,False,True,False,True
15867,1,/home/user/Documents/benchmarks/DroidBench30/benchmark/apks/ArraysAndLists/ArrayAccess1.apk,ArraysAndLists,/home/user/Documents/git/AndroidTAEnvironment/configurations/FlowDroid/2-way/config_FlowDroid_2way_2.xml,False,True,10382,0.25,0.25,0.25,0.798319328,0.592592593,0.680241665,LAZY,4,DEFAULT,NONE,RTA,FLOWINSENSITIVE,NONE,80,0,CONTEXTSENSITIVE,CONTEXTFLOWSENSITIVE,DEFAULTFALLBACK,False,True,False,True,False,True,False,True,False,True
15870,1,/home/user/Documents/benchmarks/DroidBench30/benchmark/apks/ArraysAndLists/ArrayAccess2.apk,ArraysAndLists,/home/user/Documents/git/AndroidTAEnvironment/configurations/FlowDroid/2-way/config_FlowDroid_2way_2.xml,False,True,10955,0.25,0.25,0.25,0.798319328,0.592592593,0.680241665,LAZY,4,DEFAULT,NONE,RTA,FLOWINSENSITIVE,NONE,80,0,CONTEXTSENSITIVE,CONTEXTFLOWSENSITIVE,DEFAULTFALLBACK,False,True,False,True,False,True,False,True,False,True
15873,1,/home/user/Documents/benchmarks/DroidBench30/benchmark/apks/ArraysAndLists/ArrayAccess3.apk,ArraysAndLists,/home/user/Documents/git/AndroidTAEnvironment/configurations/FlowDroid/2-way/config_FlowDroid_2way_2.xml,True,False,13049,0.25,0.25,0.25,0.798319328,0.592592593,0.680241665,LAZY,4,DEFAULT,NONE,RTA,FLOWINSENSITIVE,NONE,80,0,CONTEXTSENSITIVE,CONTEXTFLOWSENSITIVE,DEFAULTFALLBACK,False,True,False,True,False,True,False,True,False,True
15876,1,/home/user/Documents/benchmarks/DroidBench30/benchmark/apks/ArraysAndLists/ArrayAccess4.apk,ArraysAndLists,/home/user/Documents/git/AndroidTAEnvironment/configurations/FlowDroid/2-way/config_FlowDroid_2way_2.xml,False,True,14768,0.25,0.25,0.25,0.798319328,0.592592593,0.680241665,LAZY,4,DEFAULT,NONE,RTA,FLOWINSENSITIVE,NONE,80,0,CONTEXTSENSITIVE,CONTEXTFLOWSENSITIVE,DEFAULTFALLBACK,False,True,False,True,False,True,False,True,False,True
15879,1,/home/user/Documents/benchmarks/DroidBench30/benchmark/apks/ArraysAndLists/ArrayAccess5.apk,ArraysAndLists,/home/user/Documents/git/AndroidTAEnvironment/configurations/FlowDroid/2-way/config_FlowDroid_2way_2.xml,False,False,34625,0.25,0.25,0.25,0.798319328,0.592592593,0.680241665,LAZY,4,DEFAULT,NONE,RTA,FLOWINSENSITIVE,NONE,80,0,CONTEXTSENSITIVE,CONTEXTFLOWSENSITIVE,DEFAULTFALLBACK,False,True,False,True,False,True,False,True,False,True
15882,1,/home/user/Documents/benchmarks/DroidBench30/benchmark/apks/ArraysAndLists/ArrayCopy1.apk,ArraysAndLists,/home/user/Documents/git/AndroidTAEnvironment/configurations/FlowDroid/2-way/config_FlowDroid_2way_2.xml,True,False,13311,0.25,0.25,0.25,0.798319328,0.592592593,0.680241665,LAZY,4,DEFAULT,NONE,RTA,FLOWINSENSITIVE,NONE,80,0,CONTEXTSENSITIVE,CONTEXTFLOWSENSITIVE,DEFAULTFALLBACK,False,True,False,True,False,True,False,True,False,True
15885,1,/home/user/Documents/benchmarks/DroidBench30/benchmark/apks/ArraysAndLists/ArrayToString1.apk,ArraysAndLists,/home/user/Documents/git/AndroidTAEnvironment/configurations/FlowDroid/2-way/config_FlowDroid_2way_2.xml,True,True,30019,0.25,0.25,0.25,0.798319328,0.592592593,0.680241665,LAZY,4,DEFAULT,NONE,RTA,FLOWINSENSITIVE,NONE,80,0,CONTEXTSENSITIVE,CONTEXTFLOWSENSITIVE,DEFAULTFALLBACK,False,True,False,True,False,True,False,True,False,True
15888,1,/home/user/Documents/benchmarks/DroidBench30/benchmark/apks/ArraysAndLists/HashMapAccess1.apk,ArraysAndLists,/home/user/Documents/git/AndroidTAEnvironment/configurations/FlowDroid/2-way/config_FlowDroid_2way_2.xml,False,False,34648,0.25,0.25,0.25,0.798319328,0.592592593,0.680241665,LAZY,4,DEFAULT,NONE,RTA,FLOWINSENSITIVE,NONE,80,0,CONTEXTSENSITIVE,CONTEXTFLOWSENSITIVE,DEFAULTFALLBACK,False,True,False,True,False,True,False,True,False,True
15891,1,/home/user/Documents/benchmarks/DroidBench30/benchmark/apks/ArraysAndLists/ListAccess1.apk,ArraysAndLists,/home/user/Documents/git/AndroidTAEnvironment/configurations/FlowDroid/2-way/config_FlowDroid_2way_2.xml,False,False,41944,0.25,0.25,0.25,0.798319328,0.592592593,0.680241665,LAZY,4,DEFAULT,NONE,RTA,FLOWINSENSITIVE,NONE,80,0,CONTEXTSENSITIVE,CONTEXTFLOWSENSITIVE,DEFAULTFALLBACK,False,True,False,True,False,True,False,True,False,True
15894,1,/home/user/Documents/benchmarks/DroidBench30/benchmark/apks/ArraysAndLists/MultidimensionalArray1.apk,ArraysAndLists,/home/user/Documents/git/AndroidTAEnvironment/configurations/FlowDroid/2-way/config_FlowDroid_2way_2.xml,True,False,14977,0.25,0.25,0.25,0.798319328,0.592592593,0.680241665,LAZY,4,DEFAULT,NONE,RTA,FLOWINSENSITIVE,NONE,80,0,CONTEXTSENSITIVE,CONTEXTFLOWSENSITIVE,DEFAULTFALLBACK,False,True,False,True,False,True,False,True,False,True
15897,1,/home/user/Documents/benchmarks/DroidBench30/benchmark/apks/Callbacks/AnonymousClass1.apk,Callbacks,/home/user/Documents/git/AndroidTAEnvironment/configurations/FlowDroid/2-way/config_FlowDroid_2way_2.xml,True,True,213158,0.785714286,0.785714286,0.785714286,0.798319328,0.592592593,0.680241665,LAZY,4,DEFAULT,NONE,RTA,FLOWINSENSITIVE,NONE,80,0,CONTEXTSENSITIVE,CONTEXTFLOWSENSITIVE,DEFAULTFALLBACK,False,True,False,True,False,True,False,True,False,True
15900,1,/home/user/Documents/benchmarks/DroidBench30/benchmark/apks/Callbacks/Button1.apk,Callbacks,/home/user/Documents/git/AndroidTAEnvironment/configurations/FlowDroid/2-way/config_FlowDroid_2way_2.xml,True,True,36835,0.785714286,0.785714286,0.785714286,0.798319328,0.592592593,0.680241665,LAZY,4,DEFAULT,NONE,RTA,FLOWINSENSITIVE,NONE,80,0,CONTEXTSENSITIVE,CONTEXTFLOWSENSITIVE,DEFAULTFALLBACK,False,True,False,True,False,True,False,True,False,True
15903,1,/home/user/Documents/benchmarks/DroidBench30/benchmark/apks/Callbacks/Button2.apk,Callbacks,/home/user/Documents/git/AndroidTAEnvironment/configurations/FlowDroid/2-way/config_FlowDroid_2way_2.xml,True,False,370063,0.785714286,0.785714286,0.785714286,0.798319328,0.592592593,0.680241665,LAZY,4,DEFAULT,NONE,RTA,FLOWINSENSITIVE,NONE,80,0,CONTEXTSENSITIVE,CONTEXTFLOWSENSITIVE,DEFAULTFALLBACK,False,True,False,True,False,True,False,True,False,True
15904,1,/home/user/Documents/benchmarks/DroidBench30/benchmark/apks/Callbacks/Button2.apk,Callbacks,/home/user/Documents/git/AndroidTAEnvironment/configurations/FlowDroid/2-way/config_FlowDroid_2way_2.xml,True,True,420055,0.785714286,0.785714286,0.785714286,0.798319328,0.592592593,0.680241665,LAZY,4,DEFAULT,NONE,RTA,FLOWINSENSITIVE,NONE,80,0,CONTEXTSENSITIVE,CONTEXTFLOWSENSITIVE,DEFAULTFALLBACK,False,True,False,True,False,True,False,True,False,True
15905,1,/home/user/Documents/benchmarks/DroidBench30/benchmark/apks/Callbacks/Button2.apk,Callbacks,/home/user/Documents/git/AndroidTAEnvironment/configurations/FlowDroid/2-way/config_FlowDroid_2way_2.xml,True,True,451121,0.785714286,0.785714286,0.785714286,0.798319328,0.592592593,0.680241665,LAZY,4,DEFAULT,NONE,RTA,FLOWINSENSITIVE,NONE,80,0,CONTEXTSENSITIVE,CONTEXTFLOWSENSITIVE,DEFAULTFALLBACK,False,True,False,True,False,True,False,True,False,True
15906,1,/home/user/Documents/benchmarks/DroidBench30/benchmark/apks/Callbacks/Button2.apk,Callbacks,/home/user/Documents/git/AndroidTAEnvironment/configurations/FlowDroid/2-way/config_FlowDroid_2way_2.xml,False,False,443421,0.785714286,0.785714286,0.785714286,0.798319328,0.592592593,0.680241665,LAZY,4,DEFAULT,NONE,RTA,FLOWINSENSITIVE,NONE,80,0,CONTEXTSENSITIVE,CONTEXTFLOWSENSITIVE,DEFAULTFALLBACK,False,True,False,True,False,True,False,True,False,True
15915,1,/home/user/Documents/benchmarks/DroidBench30/benchmark/apks/Callbacks/Button3.apk,Callbacks,/home/user/Documents/git/AndroidTAEnvironment/configurations/FlowDroid/2-way/config_FlowDroid_2way_2.xml,True,True,181784,0.785714286,0.785714286,0.785714286,0.798319328,0.592592593,0.680241665,LAZY,4,DEFAULT,NONE,RTA,FLOWINSENSITIVE,NONE,80,0,CONTEXTSENSITIVE,CONTEXTFLOWSENSITIVE,DEFAULTFALLBACK,False,True,False,True,False,True,False,True,False,True
15918,1,/home/user/Documents/benchmarks/DroidBench30/benchmark/apks/Callbacks/Button4.apk,Callbacks,/home/user/Documents/git/AndroidTAEnvironment/configurations/FlowDroid/2-way/config_FlowDroid_2way_2.xml,True,True,69406,0.785714286,0.785714286,0.785714286,0.798319328,0.592592593,0.680241665,LAZY,4,DEFAULT,NONE,RTA,FLOWINSENSITIVE,NONE,80,0,CONTEXTSENSITIVE,CONTEXTFLOWSENSITIVE,DEFAULTFALLBACK,False,True,False,True,False,True,False,True,False,True
15921,1,/home/user/Documents/benchmarks/DroidBench30/benchmark/apks/Callbacks/Button5.apk,Callbacks,/home/user/Documents/git/AndroidTAEnvironment/configurations/FlowDroid/2-way/config_FlowDroid_2way_2.xml,True,True,66581,0.785714286,0.785714286,0.785714286,0.798319328,0.592592593,0.680241665,LAZY,4,DEFAULT,NONE,RTA,FLOWINSENSITIVE,NONE,80,0,CONTEXTSENSITIVE,CONTEXTFLOWSENSITIVE,DEFAULTFALLBACK,False,True,False,True,False,True,False,True,False,True
15924,1,/home/user/Documents/benchmarks/DroidBench30/benchmark/apks/Callbacks/LocationLeak1.apk,Callbacks,/home/user/Documents/git/AndroidTAEnvironment/configurations/FlowDroid/2-way/config_FlowDroid_2way_2.xml,True,False,619532,0.785714286,0.785714286,0.785714286,0.798319328,0.592592593,0.680241665,LAZY,4,DEFAULT,NONE,RTA,FLOWINSENSITIVE,NONE,80,0,CONTEXTSENSITIVE,CONTEXTFLOWSENSITIVE,DEFAULTFALLBACK,False,True,False,True,False,True,False,True,False,True
15927,1,/home/user/Documents/benchmarks/DroidBench30/benchmark/apks/Callbacks/LocationLeak2.apk,Callbacks,/home/user/Documents/git/AndroidTAEnvironment/configurations/FlowDroid/2-way/config_FlowDroid_2way_2.xml,True,True,83846,0.785714286,0.785714286,0.785714286,0.798319328,0.592592593,0.680241665,LAZY,4,DEFAULT,NONE,RTA,FLOWINSENSITIVE,NONE,80,0,CONTEXTSENSITIVE,CONTEXTFLOWSENSITIVE,DEFAULTFALLBACK,False,True,False,True,False,True,False,True,False,True
15930,1,/home/user/Documents/benchmarks/DroidBench30/benchmark/apks/Callbacks/LocationLeak3.apk,Callbacks,/home/user/Documents/git/AndroidTAEnvironment/configurations/FlowDroid/2-way/config_FlowDroid_2way_2.xml,True,True,217764,0.785714286,0.785714286,0.785714286,0.798319328,0.592592593,0.680241665,LAZY,4,DEFAULT,NONE,RTA,FLOWINSENSITIVE,NONE,80,0,CONTEXTSENSITIVE,CONTEXTFLOWSENSITIVE,DEFAULTFALLBACK,False,True,False,True,False,True,False,True,False,True
15933,1,/home/user/Documents/benchmarks/DroidBench30/benchmark/apks/Callbacks/MethodOverride1.apk,Callbacks,/home/user/Documents/git/AndroidTAEnvironment/configurations/FlowDroid/2-way/config_FlowDroid_2way_2.xml,True,True,62117,0.785714286,0.785714286,0.785714286,0.798319328,0.592592593,0.680241665,LAZY,4,DEFAULT,NONE,RTA,FLOWINSENSITIVE,NONE,80,0,CONTEXTSENSITIVE,CONTEXTFLOWSENSITIVE,DEFAULTFALLBACK,False,True,False,True,False,True,False,True,False,True
15936,1,/home/user/Documents/benchmarks/DroidBench30/benchmark/apks/Callbacks/MultiHandlers1.apk,Callbacks,/home/user/Documents/git/AndroidTAEnvironment/configurations/FlowDroid/2-way/config_FlowDroid_2way_2.xml,False,True,603986,0.785714286,0.785714286,0.785714286,0.798319328,0.592592593,0.680241665,LAZY,4,DEFAULT,NONE,RTA,FLOWINSENSITIVE,NONE,80,0,CONTEXTSENSITIVE,CONTEXTFLOWSENSITIVE,DEFAULTFALLBACK,False,True,False,True,False,True,False,True,False,True
15937,1,/home/user/Documents/benchmarks/DroidBench30/benchmark/apks/Callbacks/MultiHandlers1.apk,Callbacks,/home/user/Documents/git/AndroidTAEnvironment/configurations/FlowDroid/2-way/config_FlowDroid_2way_2.xml,False,True,1860,0.785714286,0.785714286,0.785714286,0.798319328,0.592592593,0.680241665,LAZY,4,DEFAULT,NONE,RTA,FLOWINSENSITIVE,NONE,80,0,CONTEXTSENSITIVE,CONTEXTFLOWSENSITIVE,DEFAULTFALLBACK,False,True,False,True,False,True,False,True,False,True
15942,1,/home/user/Documents/benchmarks/DroidBench30/benchmark/apks/Callbacks/Ordering1.apk,Callbacks,/home/user/Documents/git/AndroidTAEnvironment/configurations/FlowDroid/2-way/config_FlowDroid_2way_2.xml,False,False,343800,0.785714286,0.785714286,0.785714286,0.798319328,0.592592593,0.680241665,LAZY,4,DEFAULT,NONE,RTA,FLOWINSENSITIVE,NONE,80,0,CONTEXTSENSITIVE,CONTEXTFLOWSENSITIVE,DEFAULTFALLBACK,False,True,False,True,False,True,False,True,False,True
15945,1,/home/user/Documents/benchmarks/DroidBench30/benchmark/apks/Callbacks/RegisterGlobal1.apk,Callbacks,/home/user/Documents/git/AndroidTAEnvironment/configurations/FlowDroid/2-way/config_FlowDroid_2way_2.xml,True,False,606563,0.785714286,0.785714286,0.785714286,0.798319328,0.592592593,0.680241665,LAZY,4,DEFAULT,NONE,RTA,FLOWINSENSITIVE,NONE,80,0,CONTEXTSENSITIVE,CONTEXTFLOWSENSITIVE,DEFAULTFALLBACK,False,True,False,True,False,True,False,True,False,True
15948,1,/home/user/Documents/benchmarks/DroidBench30/benchmark/apks/Callbacks/RegisterGlobal2.apk,Callbacks,/home/user/Documents/git/AndroidTAEnvironment/configurations/FlowDroid/2-way/config_FlowDroid_2way_2.xml,True,True,175142,0.785714286,0.785714286,0.785714286,0.798319328,0.592592593,0.680241665,LAZY,4,DEFAULT,NONE,RTA,FLOWINSENSITIVE,NONE,80,0,CONTEXTSENSITIVE,CONTEXTFLOWSENSITIVE,DEFAULTFALLBACK,False,True,False,True,False,True,False,True,False,True
15951,1,/home/user/Documents/benchmarks/DroidBench30/benchmark/apks/Callbacks/Unregister1.apk,Callbacks,/home/user/Documents/git/AndroidTAEnvironment/configurations/FlowDroid/2-way/config_FlowDroid_2way_2.xml,False,False,77809,0.785714286,0.785714286,0.785714286,0.798319328,0.592592593,0.680241665,LAZY,4,DEFAULT,NONE,RTA,FLOWINSENSITIVE,NONE,80,0,CONTEXTSENSITIVE,CONTEXTFLOWSENSITIVE,DEFAULTFALLBACK,False,True,False,True,False,True,False,True,False,True
15954,1,/home/user/Documents/benchmarks/DroidBench30/benchmark/apks/DynamicLoading/DynamicBoth1.apk,DynamicLoading,/home/user/Documents/git/AndroidTAEnvironment/configurations/FlowDroid/2-way/config_FlowDroid_2way_2.xml,True,False,18986,0.0,0.0,0.0,0.798319328,0.592592593,0.680241665,LAZY,4,DEFAULT,NONE,RTA,FLOWINSENSITIVE,NONE,80,0,CONTEXTSENSITIVE,CONTEXTFLOWSENSITIVE,DEFAULTFALLBACK,False,True,False,True,False,True,False,True,False,True
15957,1,/home/user/Documents/benchmarks/DroidBench30/benchmark/apks/DynamicLoading/DynamicSink1.apk,DynamicLoading,/home/user/Documents/git/AndroidTAEnvironment/configurations/FlowDroid/2-way/config_FlowDroid_2way_2.xml,True,False,97722,0.0,0.0,0.0,0.798319328,0.592592593,0.680241665,LAZY,4,DEFAULT,NONE,RTA,FLOWINSENSITIVE,NONE,80,0,CONTEXTSENSITIVE,CONTEXTFLOWSENSITIVE,DEFAULTFALLBACK,False,True,False,True,False,True,False,True,False,True
15960,1,/home/user/Documents/benchmarks/DroidBench30/benchmark/apks/DynamicLoading/DynamicSource1.apk,DynamicLoading,/home/user/Documents/git/AndroidTAEnvironment/configurations/FlowDroid/2-way/config_FlowDroid_2way_2.xml,True,False,17169,0.0,0.0,0.0,0.798319328,0.592592593,0.680241665,LAZY,4,DEFAULT,NONE,RTA,FLOWINSENSITIVE,NONE,80,0,CONTEXTSENSITIVE,CONTEXTFLOWSENSITIVE,DEFAULTFALLBACK,False,True,False,True,False,True,False,True,False,True
15963,1,/home/user/Documents/benchmarks/DroidBench30/benchmark/apks/EmulatorDetection/Battery1.apk,EmulatorDetection,/home/user/Documents/git/AndroidTAEnvironment/configurations/FlowDroid/2-way/config_FlowDroid_2way_2.xml,True,True,174511,1.0,0.933333333,0.965517241,0.798319328,0.592592593,0.680241665,LAZY,4,DEFAULT,NONE,RTA,FLOWINSENSITIVE,NONE,80,0,CONTEXTSENSITIVE,CONTEXTFLOWSENSITIVE,DEFAULTFALLBACK,False,True,False,True,False,True,False,True,False,True
15966,1,/home/user/Documents/benchmarks/DroidBench30/benchmark/apks/EmulatorDetection/Bluetooth1.apk,EmulatorDetection,/home/user/Documents/git/AndroidTAEnvironment/configurations/FlowDroid/2-way/config_FlowDroid_2way_2.xml,True,True,92009,1.0,0.933333333,0.965517241,0.798319328,0.592592593,0.680241665,LAZY,4,DEFAULT,NONE,RTA,FLOWINSENSITIVE,NONE,80,0,CONTEXTSENSITIVE,CONTEXTFLOWSENSITIVE,DEFAULTFALLBACK,False,True,False,True,False,True,False,True,False,True
15969,1,/home/user/Documents/benchmarks/DroidBench30/benchmark/apks/EmulatorDetection/Build1.apk,EmulatorDetection,/home/user/Documents/git/AndroidTAEnvironment/configurations/FlowDroid/2-way/config_FlowDroid_2way_2.xml,True,True,88395,1.0,0.933333333,0.965517241,0.798319328,0.592592593,0.680241665,LAZY,4,DEFAULT,NONE,RTA,FLOWINSENSITIVE,NONE,80,0,CONTEXTSENSITIVE,CONTEXTFLOWSENSITIVE,DEFAULTFALLBACK,False,True,False,True,False,True,False,True,False,True
15972,1,/home/user/Documents/benchmarks/DroidBench30/benchmark/apks/EmulatorDetection/Contacts1.apk,EmulatorDetection,/home/user/Documents/git/AndroidTAEnvironment/configurations/FlowDroid/2-way/config_FlowDroid_2way_2.xml,True,True,59791,1.0,0.933333333,0.965517241,0.798319328,0.592592593,0.680241665,LAZY,4,DEFAULT,NONE,RTA,FLOWINSENSITIVE,NONE,80,0,CONTEXTSENSITIVE,CONTEXTFLOWSENSITIVE,DEFAULTFALLBACK,False,True,False,True,False,True,False,True,False,True
15975,1,/home/user/Documents/benchmarks/DroidBench30/benchmark/apks/EmulatorDetection/ContentProvider1.apk,EmulatorDetection,/home/user/Documents/git/AndroidTAEnvironment/configurations/FlowDroid/2-way/config_FlowDroid_2way_2.xml,True,True,135452,1.0,0.933333333,0.965517241,0.798319328,0.592592593,0.680241665,LAZY,4,DEFAULT,NONE,RTA,FLOWINSENSITIVE,NONE,80,0,CONTEXTSENSITIVE,CONTEXTFLOWSENSITIVE,DEFAULTFALLBACK,False,True,False,True,False,True,False,True,False,True
15978,1,/home/user/Documents/benchmarks/DroidBench30/benchmark/apks/EmulatorDetection/DeviceId1.apk,EmulatorDetection,/home/user/Documents/git/AndroidTAEnvironment/configurations/FlowDroid/2-way/config_FlowDroid_2way_2.xml,True,True,85338,1.0,0.933333333,0.965517241,0.798319328,0.592592593,0.680241665,LAZY,4,DEFAULT,NONE,RTA,FLOWINSENSITIVE,NONE,80,0,CONTEXTSENSITIVE,CONTEXTFLOWSENSITIVE,DEFAULTFALLBACK,False,True,False,True,False,True,False,True,False,True
15981,1,/home/user/Documents/benchmarks/DroidBench30/benchmark/apks/EmulatorDetection/File1.apk,EmulatorDetection,/home/user/Documents/git/AndroidTAEnvironment/configurations/FlowDroid/2-way/config_FlowDroid_2way_2.xml,True,True,90846,1.0,0.933333333,0.965517241,0.798319328,0.592592593,0.680241665,LAZY,4,DEFAULT,NONE,RTA,FLOWINSENSITIVE,NONE,80,0,CONTEXTSENSITIVE,CONTEXTFLOWSENSITIVE,DEFAULTFALLBACK,False,True,False,True,False,True,False,True,False,True
15984,1,/home/user/Documents/benchmarks/DroidBench30/benchmark/apks/EmulatorDetection/IMEI1.apk,EmulatorDetection,/home/user/Documents/git/AndroidTAEnvironment/configurations/FlowDroid/2-way/config_FlowDroid_2way_2.xml,True,True,86560,1.0,0.933333333,0.965517241,0.798319328,0.592592593,0.680241665,LAZY,4,DEFAULT,NONE,RTA,FLOWINSENSITIVE,NONE,80,0,CONTEXTSENSITIVE,CONTEXTFLOWSENSITIVE,DEFAULTFALLBACK,False,True,False,True,False,True,False,True,False,True
15987,1,/home/user/Documents/benchmarks/DroidBench30/benchmark/apks/EmulatorDetection/IP1.apk,EmulatorDetection,/home/user/Documents/git/AndroidTAEnvironment/configurations/FlowDroid/2-way/config_FlowDroid_2way_2.xml,True,True,163401,1.0,0.933333333,0.965517241,0.798319328,0.592592593,0.680241665,LAZY,4,DEFAULT,NONE,RTA,FLOWINSENSITIVE,NONE,80,0,CONTEXTSENSITIVE,CONTEXTFLOWSENSITIVE,DEFAULTFALLBACK,False,True,False,True,False,True,False,True,False,True
15990,1,/home/user/Documents/benchmarks/DroidBench30/benchmark/apks/EmulatorDetection/PI1.apk,EmulatorDetection,/home/user/Documents/git/AndroidTAEnvironment/configurations/FlowDroid/2-way/config_FlowDroid_2way_2.xml,True,True,299264,1.0,0.933333333,0.965517241,0.798319328,0.592592593,0.680241665,LAZY,4,DEFAULT,NONE,RTA,FLOWINSENSITIVE,NONE,80,0,CONTEXTSENSITIVE,CONTEXTFLOWSENSITIVE,DEFAULTFALLBACK,False,True,False,True,False,True,False,True,False,True
15993,1,/home/user/Documents/benchmarks/DroidBench30/benchmark/apks/EmulatorDetection/PlayStore1.apk,EmulatorDetection,/home/user/Documents/git/AndroidTAEnvironment/configurations/FlowDroid/2-way/config_FlowDroid_2way_2.xml,True,True,80698,1.0,0.933333333,0.965517241,0.798319328,0.592592593,0.680241665,LAZY,4,DEFAULT,NONE,RTA,FLOWINSENSITIVE,NONE,80,0,CONTEXTSENSITIVE,CONTEXTFLOWSENSITIVE,DEFAULTFALLBACK,False,True,False,True,False,True,False,True,False,True
15996,1,/home/user/Documents/benchmarks/DroidBench30/benchmark/apks/EmulatorDetection/PlayStore2.apk,EmulatorDetection,/home/user/Documents/git/AndroidTAEnvironment/configurations/FlowDroid/2-way/config_FlowDroid_2way_2.xml,True,False,38183,1.0,0.933333333,0.965517241,0.798319328,0.592592593,0.680241665,LAZY,4,DEFAULT,NONE,RTA,FLOWINSENSITIVE,NONE,80,0,CONTEXTSENSITIVE,CONTEXTFLOWSENSITIVE,DEFAULTFALLBACK,False,True,False,True,False,True,False,True,False,True
15999,1,/home/user/Documents/benchmarks/DroidBench30/benchmark/apks/EmulatorDetection/Sensors1.apk,EmulatorDetection,/home/user/Documents/git/AndroidTAEnvironment/configurations/FlowDroid/2-way/config_FlowDroid_2way_2.xml,True,True,75556,1.0,0.933333333,0.965517241,0.798319328,0.592592593,0.680241665,LAZY,4,DEFAULT,NONE,RTA,FLOWINSENSITIVE,NONE,80,0,CONTEXTSENSITIVE,CONTEXTFLOWSENSITIVE,DEFAULTFALLBACK,False,True,False,True,False,True,False,True,False,True
16002,1,/home/user/Documents/benchmarks/DroidBench30/benchmark/apks/EmulatorDetection/SubscriberId1.apk,EmulatorDetection,/home/user/Documents/git/AndroidTAEnvironment/configurations/FlowDroid/2-way/config_FlowDroid_2way_2.xml,True,True,74075,1.0,0.933333333,0.965517241,0.798319328,0.592592593,0.680241665,LAZY,4,DEFAULT,NONE,RTA,FLOWINSENSITIVE,NONE,80,0,CONTEXTSENSITIVE,CONTEXTFLOWSENSITIVE,DEFAULTFALLBACK,False,True,False,True,False,True,False,True,False,True
16005,1,/home/user/Documents/benchmarks/DroidBench30/benchmark/apks/EmulatorDetection/VoiceMail1.apk,EmulatorDetection,/home/user/Documents/git/AndroidTAEnvironment/configurations/FlowDroid/2-way/config_FlowDroid_2way_2.xml,True,True,72769,1.0,0.933333333,0.965517241,0.798319328,0.592592593,0.680241665,LAZY,4,DEFAULT,NONE,RTA,FLOWINSENSITIVE,NONE,80,0,CONTEXTSENSITIVE,CONTEXTFLOWSENSITIVE,DEFAULTFALLBACK,False,True,False,True,False,True,False,True,False,True
16008,1,/home/user/Documents/benchmarks/DroidBench30/benchmark/apks/FieldAndObjectSensitivity/FieldSensitivity1.apk,FieldAndObjectSensitivity,/home/user/Documents/git/AndroidTAEnvironment/configurations/FlowDroid/2-way/config_FlowDroid_2way_2.xml,False,False,549719,0.285714286,1.0,0.444444444,0.798319328,0.592592593,0.680241665,LAZY,4,DEFAULT,NONE,RTA,FLOWINSENSITIVE,NONE,80,0,CONTEXTSENSITIVE,CONTEXTFLOWSENSITIVE,DEFAULTFALLBACK,False,True,False,True,False,True,False,True,False,True
16011,1,/home/user/Documents/benchmarks/DroidBench30/benchmark/apks/FieldAndObjectSensitivity/FieldSensitivity2.apk,FieldAndObjectSensitivity,/home/user/Documents/git/AndroidTAEnvironment/configurations/FlowDroid/2-way/config_FlowDroid_2way_2.xml,False,False,104937,0.285714286,1.0,0.444444444,0.798319328,0.592592593,0.680241665,LAZY,4,DEFAULT,NONE,RTA,FLOWINSENSITIVE,NONE,80,0,CONTEXTSENSITIVE,CONTEXTFLOWSENSITIVE,DEFAULTFALLBACK,False,True,False,True,False,True,False,True,False,True
16014,1,/home/user/Documents/benchmarks/DroidBench30/benchmark/apks/FieldAndObjectSensitivity/FieldSensitivity3.apk,FieldAndObjectSensitivity,/home/user/Documents/git/AndroidTAEnvironment/configurations/FlowDroid/2-way/config_FlowDroid_2way_2.xml,True,True,117909,0.285714286,1.0,0.444444444,0.798319328,0.592592593,0.680241665,LAZY,4,DEFAULT,NONE,RTA,FLOWINSENSITIVE,NONE,80,0,CONTEXTSENSITIVE,CONTEXTFLOWSENSITIVE,DEFAULTFALLBACK,False,True,False,True,False,True,False,True,False,True
16017,1,/home/user/Documents/benchmarks/DroidBench30/benchmark/apks/FieldAndObjectSensitivity/FieldSensitivity4.apk,FieldAndObjectSensitivity,/home/user/Documents/git/AndroidTAEnvironment/configurations/FlowDroid/2-way/config_FlowDroid_2way_2.xml,False,False,81552,0.285714286,1.0,0.444444444,0.798319328,0.592592593,0.680241665,LAZY,4,DEFAULT,NONE,RTA,FLOWINSENSITIVE,NONE,80,0,CONTEXTSENSITIVE,CONTEXTFLOWSENSITIVE,DEFAULTFALLBACK,False,True,False,True,False,True,False,True,False,True
16020,1,/home/user/Documents/benchmarks/DroidBench30/benchmark/apks/FieldAndObjectSensitivity/InheritedObjects1.apk,FieldAndObjectSensitivity,/home/user/Documents/git/AndroidTAEnvironment/configurations/FlowDroid/2-way/config_FlowDroid_2way_2.xml,True,True,79609,0.285714286,1.0,0.444444444,0.798319328,0.592592593,0.680241665,LAZY,4,DEFAULT,NONE,RTA,FLOWINSENSITIVE,NONE,80,0,CONTEXTSENSITIVE,CONTEXTFLOWSENSITIVE,DEFAULTFALLBACK,False,True,False,True,False,True,False,True,False,True
16023,1,/home/user/Documents/benchmarks/DroidBench30/benchmark/apks/FieldAndObjectSensitivity/ObjectSensitivity1.apk,FieldAndObjectSensitivity,/home/user/Documents/git/AndroidTAEnvironment/configurations/FlowDroid/2-way/config_FlowDroid_2way_2.xml,False,False,77509,0.285714286,1.0,0.444444444,0.798319328,0.592592593,0.680241665,LAZY,4,DEFAULT,NONE,RTA,FLOWINSENSITIVE,NONE,80,0,CONTEXTSENSITIVE,CONTEXTFLOWSENSITIVE,DEFAULTFALLBACK,False,True,False,True,False,True,False,True,False,True
16026,1,/home/user/Documents/benchmarks/DroidBench30/benchmark/apks/FieldAndObjectSensitivity/ObjectSensitivity2.apk,FieldAndObjectSensitivity,/home/user/Documents/git/AndroidTAEnvironment/configurations/FlowDroid/2-way/config_FlowDroid_2way_2.xml,False,False,72170,0.285714286,1.0,0.444444444,0.798319328,0.592592593,0.680241665,LAZY,4,DEFAULT,NONE,RTA,FLOWINSENSITIVE,NONE,80,0,CONTEXTSENSITIVE,CONTEXTFLOWSENSITIVE,DEFAULTFALLBACK,False,True,False,True,False,True,False,True,False,True
16029,1,/home/user/Documents/benchmarks/DroidBench30/benchmark/apks/GeneralJava/Clone1.apk,GeneralJava,/home/user/Documents/git/AndroidTAEnvironment/configurations/FlowDroid/2-way/config_FlowDroid_2way_2.xml,True,True,53140,0.8,0.571428571,0.666666667,0.798319328,0.592592593,0.680241665,LAZY,4,DEFAULT,NONE,RTA,FLOWINSENSITIVE,NONE,80,0,CONTEXTSENSITIVE,CONTEXTFLOWSENSITIVE,DEFAULTFALLBACK,False,True,False,True,False,True,False,True,False,True
16032,1,/home/user/Documents/benchmarks/DroidBench30/benchmark/apks/GeneralJava/Exceptions1.apk,GeneralJava,/home/user/Documents/git/AndroidTAEnvironment/configurations/FlowDroid/2-way/config_FlowDroid_2way_2.xml,True,True,58977,0.8,0.571428571,0.666666667,0.798319328,0.592592593,0.680241665,LAZY,4,DEFAULT,NONE,RTA,FLOWINSENSITIVE,NONE,80,0,CONTEXTSENSITIVE,CONTEXTFLOWSENSITIVE,DEFAULTFALLBACK,False,True,False,True,False,True,False,True,False,True
16035,1,/home/user/Documents/benchmarks/DroidBench30/benchmark/apks/GeneralJava/Exceptions2.apk,GeneralJava,/home/user/Documents/git/AndroidTAEnvironment/configurations/FlowDroid/2-way/config_FlowDroid_2way_2.xml,True,False,21861,0.8,0.571428571,0.666666667,0.798319328,0.592592593,0.680241665,LAZY,4,DEFAULT,NONE,RTA,FLOWINSENSITIVE,NONE,80,0,CONTEXTSENSITIVE,CONTEXTFLOWSENSITIVE,DEFAULTFALLBACK,False,True,False,True,False,True,False,True,False,True
16038,1,/home/user/Documents/benchmarks/DroidBench30/benchmark/apks/GeneralJava/Exceptions3.apk,GeneralJava,/home/user/Documents/git/AndroidTAEnvironment/configurations/FlowDroid/2-way/config_FlowDroid_2way_2.xml,False,True,16066,0.8,0.571428571,0.666666667,0.798319328,0.592592593,0.680241665,LAZY,4,DEFAULT,NONE,RTA,FLOWINSENSITIVE,NONE,80,0,CONTEXTSENSITIVE,CONTEXTFLOWSENSITIVE,DEFAULTFALLBACK,False,True,False,True,False,True,False,True,False,True
16041,1,/home/user/Documents/benchmarks/DroidBench30/benchmark/apks/GeneralJava/Exceptions4.apk,GeneralJava,/home/user/Documents/git/AndroidTAEnvironment/configurations/FlowDroid/2-way/config_FlowDroid_2way_2.xml,True,True,51409,0.8,0.571428571,0.666666667,0.798319328,0.592592593,0.680241665,LAZY,4,DEFAULT,NONE,RTA,FLOWINSENSITIVE,NONE,80,0,CONTEXTSENSITIVE,CONTEXTFLOWSENSITIVE,DEFAULTFALLBACK,False,True,False,True,False,True,False,True,False,True
16044,1,/home/user/Documents/benchmarks/DroidBench30/benchmark/apks/GeneralJava/Exceptions5.apk,GeneralJava,/home/user/Documents/git/AndroidTAEnvironment/configurations/FlowDroid/2-way/config_FlowDroid_2way_2.xml,True,True,37427,0.8,0.571428571,0.666666667,0.798319328,0.592592593,0.680241665,LAZY,4,DEFAULT,NONE,RTA,FLOWINSENSITIVE,NONE,80,0,CONTEXTSENSITIVE,CONTEXTFLOWSENSITIVE,DEFAULTFALLBACK,False,True,False,True,False,True,False,True,False,True
16047,1,/home/user/Documents/benchmarks/DroidBench30/benchmark/apks/GeneralJava/Exceptions6.apk,GeneralJava,/home/user/Documents/git/AndroidTAEnvironment/configurations/FlowDroid/2-way/config_FlowDroid_2way_2.xml,True,False,11599,0.8,0.571428571,0.666666667,0.798319328,0.592592593,0.680241665,LAZY,4,DEFAULT,NONE,RTA,FLOWINSENSITIVE,NONE,80,0,CONTEXTSENSITIVE,CONTEXTFLOWSENSITIVE,DEFAULTFALLBACK,False,True,False,True,False,True,False,True,False,True
16050,1,/home/user/Documents/benchmarks/DroidBench30/benchmark/apks/GeneralJava/Exceptions7.apk,GeneralJava,/home/user/Documents/git/AndroidTAEnvironment/configurations/FlowDroid/2-way/config_FlowDroid_2way_2.xml,False,False,47161,0.8,0.571428571,0.666666667,0.798319328,0.592592593,0.680241665,LAZY,4,DEFAULT,NONE,RTA,FLOWINSENSITIVE,NONE,80,0,CONTEXTSENSITIVE,CONTEXTFLOWSENSITIVE,DEFAULTFALLBACK,False,True,False,True,False,True,False,True,False,True
16053,1,/home/user/Documents/benchmarks/DroidBench30/benchmark/apks/GeneralJava/FactoryMethods1.apk,GeneralJava,/home/user/Documents/git/AndroidTAEnvironment/configurations/FlowDroid/2-way/config_FlowDroid_2way_2.xml,True,True,44440,0.8,0.571428571,0.666666667,0.798319328,0.592592593,0.680241665,LAZY,4,DEFAULT,NONE,RTA,FLOWINSENSITIVE,NONE,80,0,CONTEXTSENSITIVE,CONTEXTFLOWSENSITIVE,DEFAULTFALLBACK,False,True,False,True,False,True,False,True,False,True
16056,1,/home/user/Documents/benchmarks/DroidBench30/benchmark/apks/GeneralJava/Loop1.apk,GeneralJava,/home/user/Documents/git/AndroidTAEnvironment/configurations/FlowDroid/2-way/config_FlowDroid_2way_2.xml,True,False,14596,0.8,0.571428571,0.666666667,0.798319328,0.592592593,0.680241665,LAZY,4,DEFAULT,NONE,RTA,FLOWINSENSITIVE,NONE,80,0,CONTEXTSENSITIVE,CONTEXTFLOWSENSITIVE,DEFAULTFALLBACK,False,True,False,True,False,True,False,True,False,True
16059,1,/home/user/Documents/benchmarks/DroidBench30/benchmark/apks/GeneralJava/Loop2.apk,GeneralJava,/home/user/Documents/git/AndroidTAEnvironment/configurations/FlowDroid/2-way/config_FlowDroid_2way_2.xml,True,False,28766,0.8,0.571428571,0.666666667,0.798319328,0.592592593,0.680241665,LAZY,4,DEFAULT,NONE,RTA,FLOWINSENSITIVE,NONE,80,0,CONTEXTSENSITIVE,CONTEXTFLOWSENSITIVE,DEFAULTFALLBACK,False,True,False,True,False,True,False,True,False,True
16062,1,/home/user/Documents/benchmarks/DroidBench30/benchmark/apks/GeneralJava/Serialization1.apk,GeneralJava,/home/user/Documents/git/AndroidTAEnvironment/configurations/FlowDroid/2-way/config_FlowDroid_2way_2.xml,True,True,53829,0.8,0.571428571,0.666666667,0.798319328,0.592592593,0.680241665,LAZY,4,DEFAULT,NONE,RTA,FLOWINSENSITIVE,NONE,80,0,CONTEXTSENSITIVE,CONTEXTFLOWSENSITIVE,DEFAULTFALLBACK,False,True,False,True,False,True,False,True,False,True
16065,1,/home/user/Documents/benchmarks/DroidBench30/benchmark/apks/GeneralJava/SourceCodeSpecific1.apk,GeneralJava,/home/user/Documents/git/AndroidTAEnvironment/configurations/FlowDroid/2-way/config_FlowDroid_2way_2.xml,True,False,68461,0.8,0.571428571,0.666666667,0.798319328,0.592592593,0.680241665,LAZY,4,DEFAULT,NONE,RTA,FLOWINSENSITIVE,NONE,80,0,CONTEXTSENSITIVE,CONTEXTFLOWSENSITIVE,DEFAULTFALLBACK,False,True,False,True,False,True,False,True,False,True
16068,1,/home/user/Documents/benchmarks/DroidBench30/benchmark/apks/GeneralJava/StartProcessWithSecret1.apk,GeneralJava,/home/user/Documents/git/AndroidTAEnvironment/configurations/FlowDroid/2-way/config_FlowDroid_2way_2.xml,True,False,42313,0.8,0.571428571,0.666666667,0.798319328,0.592592593,0.680241665,LAZY,4,DEFAULT,NONE,RTA,FLOWINSENSITIVE,NONE,80,0,CONTEXTSENSITIVE,CONTEXTFLOWSENSITIVE,DEFAULTFALLBACK,False,True,False,True,False,True,False,True,False,True
16071,1,/home/user/Documents/benchmarks/DroidBench30/benchmark/apks/GeneralJava/StaticInitialization1.apk,GeneralJava,/home/user/Documents/git/AndroidTAEnvironment/configurations/FlowDroid/2-way/config_FlowDroid_2way_2.xml,True,False,47138,0.8,0.571428571,0.666666667,0.798319328,0.592592593,0.680241665,LAZY,4,DEFAULT,NONE,RTA,FLOWINSENSITIVE,NONE,80,0,CONTEXTSENSITIVE,CONTEXTFLOWSENSITIVE,DEFAULTFALLBACK,False,True,False,True,False,True,False,True,False,True
16074,1,/home/user/Documents/benchmarks/DroidBench30/benchmark/apks/GeneralJava/StaticInitialization2.apk,GeneralJava,/home/user/Documents/git/AndroidTAEnvironment/configurations/FlowDroid/2-way/config_FlowDroid_2way_2.xml,True,True,59590,0.8,0.571428571,0.666666667,0.798319328,0.592592593,0.680241665,LAZY,4,DEFAULT,NONE,RTA,FLOWINSENSITIVE,NONE,80,0,CONTEXTSENSITIVE,CONTEXTFLOWSENSITIVE,DEFAULTFALLBACK,False,True,False,True,False,True,False,True,False,True
16077,1,/home/user/Documents/benchmarks/DroidBench30/benchmark/apks/GeneralJava/StaticInitialization3.apk,GeneralJava,/home/user/Documents/git/AndroidTAEnvironment/configurations/FlowDroid/2-way/config_FlowDroid_2way_2.xml,True,True,61351,0.8,0.571428571,0.666666667,0.798319328,0.592592593,0.680241665,LAZY,4,DEFAULT,NONE,RTA,FLOWINSENSITIVE,NONE,80,0,CONTEXTSENSITIVE,CONTEXTFLOWSENSITIVE,DEFAULTFALLBACK,False,True,False,True,False,True,False,True,False,True
16080,1,/home/user/Documents/benchmarks/DroidBench30/benchmark/apks/GeneralJava/StringFormatter1.apk,GeneralJava,/home/user/Documents/git/AndroidTAEnvironment/configurations/FlowDroid/2-way/config_FlowDroid_2way_2.xml,True,True,55806,0.8,0.571428571,0.666666667,0.798319328,0.592592593,0.680241665,LAZY,4,DEFAULT,NONE,RTA,FLOWINSENSITIVE,NONE,80,0,CONTEXTSENSITIVE,CONTEXTFLOWSENSITIVE,DEFAULTFALLBACK,False,True,False,True,False,True,False,True,False,True
16083,1,/home/user/Documents/benchmarks/DroidBench30/benchmark/apks/GeneralJava/StringPatternMatching1.apk,GeneralJava,/home/user/Documents/git/AndroidTAEnvironment/configurations/FlowDroid/2-way/config_FlowDroid_2way_2.xml,True,True,50059,0.8,0.571428571,0.666666667,0.798319328,0.592592593,0.680241665,LAZY,4,DEFAULT,NONE,RTA,FLOWINSENSITIVE,NONE,80,0,CONTEXTSENSITIVE,CONTEXTFLOWSENSITIVE,DEFAULTFALLBACK,False,True,False,True,False,True,False,True,False,True
16086,1,/home/user/Documents/benchmarks/DroidBench30/benchmark/apks/GeneralJava/StringToCharArray1.apk,GeneralJava,/home/user/Documents/git/AndroidTAEnvironment/configurations/FlowDroid/2-way/config_FlowDroid_2way_2.xml,True,False,18219,0.8,0.571428571,0.666666667,0.798319328,0.592592593,0.680241665,LAZY,4,DEFAULT,NONE,RTA,FLOWINSENSITIVE,NONE,80,0,CONTEXTSENSITIVE,CONTEXTFLOWSENSITIVE,DEFAULTFALLBACK,False,True,False,True,False,True,False,True,False,True
16089,1,/home/user/Documents/benchmarks/DroidBench30/benchmark/apks/GeneralJava/StringToOutputStream1.apk,GeneralJava,/home/user/Documents/git/AndroidTAEnvironment/configurations/FlowDroid/2-way/config_FlowDroid_2way_2.xml,True,True,66095,0.8,0.571428571,0.666666667,0.798319328,0.592592593,0.680241665,LAZY,4,DEFAULT,NONE,RTA,FLOWINSENSITIVE,NONE,80,0,CONTEXTSENSITIVE,CONTEXTFLOWSENSITIVE,DEFAULTFALLBACK,False,True,False,True,False,True,False,True,False,True
16092,1,/home/user/Documents/benchmarks/DroidBench30/benchmark/apks/GeneralJava/UnreachableCode.apk,GeneralJava,/home/user/Documents/git/AndroidTAEnvironment/configurations/FlowDroid/2-way/config_FlowDroid_2way_2.xml,False,True,49054,0.8,0.571428571,0.666666667,0.798319328,0.592592593,0.680241665,LAZY,4,DEFAULT,NONE,RTA,FLOWINSENSITIVE,NONE,80,0,CONTEXTSENSITIVE,CONTEXTFLOWSENSITIVE,DEFAULTFALLBACK,False,True,False,True,False,True,False,True,False,True
16095,1,/home/user/Documents/benchmarks/DroidBench30/benchmark/apks/GeneralJava/VirtualDispatch1.apk,GeneralJava,/home/user/Documents/git/AndroidTAEnvironment/configurations/FlowDroid/2-way/config_FlowDroid_2way_2.xml,True,False,604790,0.8,0.571428571,0.666666667,0.798319328,0.592592593,0.680241665,LAZY,4,DEFAULT,NONE,RTA,FLOWINSENSITIVE,NONE,80,0,CONTEXTSENSITIVE,CONTEXTFLOWSENSITIVE,DEFAULTFALLBACK,False,True,False,True,False,True,False,True,False,True
16096,1,/home/user/Documents/benchmarks/DroidBench30/benchmark/apks/GeneralJava/VirtualDispatch1.apk,GeneralJava,/home/user/Documents/git/AndroidTAEnvironment/configurations/FlowDroid/2-way/config_FlowDroid_2way_2.xml,False,True,7534,0.8,0.571428571,0.666666667,0.798319328,0.592592593,0.680241665,LAZY,4,DEFAULT,NONE,RTA,FLOWINSENSITIVE,NONE,80,0,CONTEXTSENSITIVE,CONTEXTFLOWSENSITIVE,DEFAULTFALLBACK,False,True,False,True,False,True,False,True,False,True
16101,1,/home/user/Documents/benchmarks/DroidBench30/benchmark/apks/GeneralJava/VirtualDispatch2.apk,GeneralJava,/home/user/Documents/git/AndroidTAEnvironment/configurations/FlowDroid/2-way/config_FlowDroid_2way_2.xml,True,True,79707,0.8,0.571428571,0.666666667,0.798319328,0.592592593,0.680241665,LAZY,4,DEFAULT,NONE,RTA,FLOWINSENSITIVE,NONE,80,0,CONTEXTSENSITIVE,CONTEXTFLOWSENSITIVE,DEFAULTFALLBACK,False,True,False,True,False,True,False,True,False,True
16102,1,/home/user/Documents/benchmarks/DroidBench30/benchmark/apks/GeneralJava/VirtualDispatch2.apk,GeneralJava,/home/user/Documents/git/AndroidTAEnvironment/configurations/FlowDroid/2-way/config_FlowDroid_2way_2.xml,False,False,89587,0.8,0.571428571,0.666666667,0.798319328,0.592592593,0.680241665,LAZY,4,DEFAULT,NONE,RTA,FLOWINSENSITIVE,NONE,80,0,CONTEXTSENSITIVE,CONTEXTFLOWSENSITIVE,DEFAULTFALLBACK,False,True,False,True,False,True,False,True,False,True
16107,1,/home/user/Documents/benchmarks/DroidBench30/benchmark/apks/GeneralJava/VirtualDispatch3.apk,GeneralJava,/home/user/Documents/git/AndroidTAEnvironment/configurations/FlowDroid/2-way/config_FlowDroid_2way_2.xml,False,False,186571,0.8,0.571428571,0.666666667,0.798319328,0.592592593,0.680241665,LAZY,4,DEFAULT,NONE,RTA,FLOWINSENSITIVE,NONE,80,0,CONTEXTSENSITIVE,CONTEXTFLOWSENSITIVE,DEFAULTFALLBACK,False,True,False,True,False,True,False,True,False,True
16110,1,/home/user/Documents/benchmarks/DroidBench30/benchmark/apks/GeneralJava/VirtualDispatch4.apk,GeneralJava,/home/user/Documents/git/AndroidTAEnvironment/configurations/FlowDroid/2-way/config_FlowDroid_2way_2.xml,False,True,27317,0.8,0.571428571,0.666666667,0.798319328,0.592592593,0.680241665,LAZY,4,DEFAULT,NONE,RTA,FLOWINSENSITIVE,NONE,80,0,CONTEXTSENSITIVE,CONTEXTFLOWSENSITIVE,DEFAULTFALLBACK,False,True,False,True,False,True,False,True,False,True
16113,1,/home/user/Documents/benchmarks/DroidBench30/benchmark/apks/ImplicitFlows/ImplicitFlow1.apk,ImplicitFlows,/home/user/Documents/git/AndroidTAEnvironment/configurations/FlowDroid/2-way/config_FlowDroid_2way_2.xml,True,False,14967,0.0,0.0,0.0,0.798319328,0.592592593,0.680241665,LAZY,4,DEFAULT,NONE,RTA,FLOWINSENSITIVE,NONE,80,0,CONTEXTSENSITIVE,CONTEXTFLOWSENSITIVE,DEFAULTFALLBACK,False,True,False,True,False,True,False,True,False,True
16116,1,/home/user/Documents/benchmarks/DroidBench30/benchmark/apks/ImplicitFlows/ImplicitFlow6.apk,ImplicitFlows,/home/user/Documents/git/AndroidTAEnvironment/configurations/FlowDroid/2-way/config_FlowDroid_2way_2.xml,False,True,63098,0.0,0.0,0.0,0.798319328,0.592592593,0.680241665,LAZY,4,DEFAULT,NONE,RTA,FLOWINSENSITIVE,NONE,80,0,CONTEXTSENSITIVE,CONTEXTFLOWSENSITIVE,DEFAULTFALLBACK,False,True,False,True,False,True,False,True,False,True
16119,1,/home/user/Documents/benchmarks/DroidBench30/benchmark/apks/InterAppCommunication/Collector/Collector.apk /home/user/Documents/benchmarks/DroidBench30/benchmark/apks/InterAppCommunication/Device_Id_leakage/DeviceId_Broadcast1.apk' | 'COMBINE,InterAppCommunication,/home/user/Documents/git/AndroidTAEnvironment/configurations/FlowDroid/2-way/config_FlowDroid_2way_2.xml,True,False,62715,0.0,0.0,0.0,0.798319328,0.592592593,0.680241665,LAZY,4,DEFAULT,NONE,RTA,FLOWINSENSITIVE,NONE,80,0,CONTEXTSENSITIVE,CONTEXTFLOWSENSITIVE,DEFAULTFALLBACK,False,True,False,True,False,True,False,True,False,True
16122,1,/home/user/Documents/benchmarks/DroidBench30/benchmark/apks/InterAppCommunication/Collector/Collector.apk /home/user/Documents/benchmarks/DroidBench30/benchmark/apks/InterAppCommunication/Device_Id_leakage/DeviceId_contentProvider1.apk' | 'COMBINE,InterAppCommunication,/home/user/Documents/git/AndroidTAEnvironment/configurations/FlowDroid/2-way/config_FlowDroid_2way_2.xml,True,False,43381,0.0,0.0,0.0,0.798319328,0.592592593,0.680241665,LAZY,4,DEFAULT,NONE,RTA,FLOWINSENSITIVE,NONE,80,0,CONTEXTSENSITIVE,CONTEXTFLOWSENSITIVE,DEFAULTFALLBACK,False,True,False,True,False,True,False,True,False,True
16125,1,/home/user/Documents/benchmarks/DroidBench30/benchmark/apks/InterAppCommunication/Collector/Collector.apk /home/user/Documents/benchmarks/DroidBench30/benchmark/apks/InterAppCommunication/Device_Id_leakage/DeviceId_OrderedIntent1.apk' | 'COMBINE,InterAppCommunication,/home/user/Documents/git/AndroidTAEnvironment/configurations/FlowDroid/2-way/config_FlowDroid_2way_2.xml,True,False,17534,0.0,0.0,0.0,0.798319328,0.592592593,0.680241665,LAZY,4,DEFAULT,NONE,RTA,FLOWINSENSITIVE,NONE,80,0,CONTEXTSENSITIVE,CONTEXTFLOWSENSITIVE,DEFAULTFALLBACK,False,True,False,True,False,True,False,True,False,True
16128,1,/home/user/Documents/benchmarks/DroidBench30/benchmark/apks/InterAppCommunication/Collector/Collector.apk /home/user/Documents/benchmarks/DroidBench30/benchmark/apks/InterAppCommunication/Device_Id_leakage/DeviceId_Service1.apk' | 'COMBINE,InterAppCommunication,/home/user/Documents/git/AndroidTAEnvironment/configurations/FlowDroid/2-way/config_FlowDroid_2way_2.xml,True,False,19546,0.0,0.0,0.0,0.798319328,0.592592593,0.680241665,LAZY,4,DEFAULT,NONE,RTA,FLOWINSENSITIVE,NONE,80,0,CONTEXTSENSITIVE,CONTEXTFLOWSENSITIVE,DEFAULTFALLBACK,False,True,False,True,False,True,False,True,False,True
16131,1,/home/user/Documents/benchmarks/DroidBench30/benchmark/apks/InterAppCommunication/Collector/Collector.apk /home/user/Documents/benchmarks/DroidBench30/benchmark/apks/InterAppCommunication/Location_leakage/Location_Broadcast1.apk' | 'COMBINE,InterAppCommunication,/home/user/Documents/git/AndroidTAEnvironment/configurations/FlowDroid/2-way/config_FlowDroid_2way_2.xml,True,False,57882,0.0,0.0,0.0,0.798319328,0.592592593,0.680241665,LAZY,4,DEFAULT,NONE,RTA,FLOWINSENSITIVE,NONE,80,0,CONTEXTSENSITIVE,CONTEXTFLOWSENSITIVE,DEFAULTFALLBACK,False,True,False,True,False,True,False,True,False,True
16134,1,/home/user/Documents/benchmarks/DroidBench30/benchmark/apks/InterAppCommunication/Collector/Collector.apk /home/user/Documents/benchmarks/DroidBench30/benchmark/apks/InterAppCommunication/Location_leakage/Location_Service1.apk' | 'COMBINE,InterAppCommunication,/home/user/Documents/git/AndroidTAEnvironment/configurations/FlowDroid/2-way/config_FlowDroid_2way_2.xml,True,False,59244,0.0,0.0,0.0,0.798319328,0.592592593,0.680241665,LAZY,4,DEFAULT,NONE,RTA,FLOWINSENSITIVE,NONE,80,0,CONTEXTSENSITIVE,CONTEXTFLOWSENSITIVE,DEFAULTFALLBACK,False,True,False,True,False,True,False,True,False,True
16137,1,/home/user/Documents/benchmarks/DroidBench30/benchmark/apks/InterAppCommunication/Collector/Collector.apk /home/user/Documents/benchmarks/DroidBench30/benchmark/apks/InterAppCommunication/Location_leakage/Location1.apk' | 'COMBINE,InterAppCommunication,/home/user/Documents/git/AndroidTAEnvironment/configurations/FlowDroid/2-way/config_FlowDroid_2way_2.xml,True,False,43396,0.0,0.0,0.0,0.798319328,0.592592593,0.680241665,LAZY,4,DEFAULT,NONE,RTA,FLOWINSENSITIVE,NONE,80,0,CONTEXTSENSITIVE,CONTEXTFLOWSENSITIVE,DEFAULTFALLBACK,False,True,False,True,False,True,False,True,False,True
16140,1,/home/user/Documents/benchmarks/DroidBench30/benchmark/apks/InterAppCommunication/Echoer.apk /home/user/Documents/benchmarks/DroidBench30/benchmark/apks/InterAppCommunication/SendSMS.apk' | 'COMBINE,InterAppCommunication,/home/user/Documents/git/AndroidTAEnvironment/configurations/FlowDroid/2-way/config_FlowDroid_2way_2.xml,True,False,23018,0.0,0.0,0.0,0.798319328,0.592592593,0.680241665,LAZY,4,DEFAULT,NONE,RTA,FLOWINSENSITIVE,NONE,80,0,CONTEXTSENSITIVE,CONTEXTFLOWSENSITIVE,DEFAULTFALLBACK,False,True,False,True,False,True,False,True,False,True
16141,1,/home/user/Documents/benchmarks/DroidBench30/benchmark/apks/InterAppCommunication/Echoer.apk /home/user/Documents/benchmarks/DroidBench30/benchmark/apks/InterAppCommunication/SendSMS.apk' | 'COMBINE,InterAppCommunication,/home/user/Documents/git/AndroidTAEnvironment/configurations/FlowDroid/2-way/config_FlowDroid_2way_2.xml,True,False,15768,0.0,0.0,0.0,0.798319328,0.592592593,0.680241665,LAZY,4,DEFAULT,NONE,RTA,FLOWINSENSITIVE,NONE,80,0,CONTEXTSENSITIVE,CONTEXTFLOWSENSITIVE,DEFAULTFALLBACK,False,True,False,True,False,True,False,True,False,True
16146,1,/home/user/Documents/benchmarks/DroidBench30/benchmark/apks/InterAppCommunication/Echoer.apk /home/user/Documents/benchmarks/DroidBench30/benchmark/apks/InterAppCommunication/StartActivityForResult1.apk' | 'COMBINE,InterAppCommunication,/home/user/Documents/git/AndroidTAEnvironment/configurations/FlowDroid/2-way/config_FlowDroid_2way_2.xml,True,False,23812,0.0,0.0,0.0,0.798319328,0.592592593,0.680241665,LAZY,4,DEFAULT,NONE,RTA,FLOWINSENSITIVE,NONE,80,0,CONTEXTSENSITIVE,CONTEXTFLOWSENSITIVE,DEFAULTFALLBACK,False,True,False,True,False,True,False,True,False,True
16147,1,/home/user/Documents/benchmarks/DroidBench30/benchmark/apks/InterAppCommunication/Echoer.apk /home/user/Documents/benchmarks/DroidBench30/benchmark/apks/InterAppCommunication/StartActivityForResult1.apk' | 'COMBINE,InterAppCommunication,/home/user/Documents/git/AndroidTAEnvironment/configurations/FlowDroid/2-way/config_FlowDroid_2way_2.xml,True,False,14196,0.0,0.0,0.0,0.798319328,0.592592593,0.680241665,LAZY,4,DEFAULT,NONE,RTA,FLOWINSENSITIVE,NONE,80,0,CONTEXTSENSITIVE,CONTEXTFLOWSENSITIVE,DEFAULTFALLBACK,False,True,False,True,False,True,False,True,False,True
16152,1,/home/user/Documents/benchmarks/DroidBench30/benchmark/apks/InterComponentCommunication/ActivityCommunication1.apk,InterComponentCommunication,/home/user/Documents/git/AndroidTAEnvironment/configurations/FlowDroid/2-way/config_FlowDroid_2way_2.xml,True,True,53966,0.625,0.789473684,0.697674419,0.798319328,0.592592593,0.680241665,LAZY,4,DEFAULT,NONE,RTA,FLOWINSENSITIVE,NONE,80,0,CONTEXTSENSITIVE,CONTEXTFLOWSENSITIVE,DEFAULTFALLBACK,False,True,False,True,False,True,False,True,False,True
16155,1,/home/user/Documents/benchmarks/DroidBench30/benchmark/apks/InterComponentCommunication/ActivityCommunication2.apk,InterComponentCommunication,/home/user/Documents/git/AndroidTAEnvironment/configurations/FlowDroid/2-way/config_FlowDroid_2way_2.xml,True,True,87255,0.625,0.789473684,0.697674419,0.798319328,0.592592593,0.680241665,LAZY,4,DEFAULT,NONE,RTA,FLOWINSENSITIVE,NONE,80,0,CONTEXTSENSITIVE,CONTEXTFLOWSENSITIVE,DEFAULTFALLBACK,False,True,False,True,False,True,False,True,False,True
16156,1,/home/user/Documents/benchmarks/DroidBench30/benchmark/apks/InterComponentCommunication/ActivityCommunication2.apk,InterComponentCommunication,/home/user/Documents/git/AndroidTAEnvironment/configurations/FlowDroid/2-way/config_FlowDroid_2way_2.xml,False,False,99079,0.625,0.789473684,0.697674419,0.798319328,0.592592593,0.680241665,LAZY,4,DEFAULT,NONE,RTA,FLOWINSENSITIVE,NONE,80,0,CONTEXTSENSITIVE,CONTEXTFLOWSENSITIVE,DEFAULTFALLBACK,False,True,False,True,False,True,False,True,False,True
16161,1,/home/user/Documents/benchmarks/DroidBench30/benchmark/apks/InterComponentCommunication/ActivityCommunication3.apk,InterComponentCommunication,/home/user/Documents/git/AndroidTAEnvironment/configurations/FlowDroid/2-way/config_FlowDroid_2way_2.xml,False,False,86039,0.625,0.789473684,0.697674419,0.798319328,0.592592593,0.680241665,LAZY,4,DEFAULT,NONE,RTA,FLOWINSENSITIVE,NONE,80,0,CONTEXTSENSITIVE,CONTEXTFLOWSENSITIVE,DEFAULTFALLBACK,False,True,False,True,False,True,False,True,False,True
16162,1,/home/user/Documents/benchmarks/DroidBench30/benchmark/apks/InterComponentCommunication/ActivityCommunication3.apk,InterComponentCommunication,/home/user/Documents/git/AndroidTAEnvironment/configurations/FlowDroid/2-way/config_FlowDroid_2way_2.xml,True,True,93869,0.625,0.789473684,0.697674419,0.798319328,0.592592593,0.680241665,LAZY,4,DEFAULT,NONE,RTA,FLOWINSENSITIVE,NONE,80,0,CONTEXTSENSITIVE,CONTEXTFLOWSENSITIVE,DEFAULTFALLBACK,False,True,False,True,False,True,False,True,False,True
16167,1,/home/user/Documents/benchmarks/DroidBench30/benchmark/apks/InterComponentCommunication/ActivityCommunication4.apk,InterComponentCommunication,/home/user/Documents/git/AndroidTAEnvironment/configurations/FlowDroid/2-way/config_FlowDroid_2way_2.xml,True,True,60624,0.625,0.789473684,0.697674419,0.798319328,0.592592593,0.680241665,LAZY,4,DEFAULT,NONE,RTA,FLOWINSENSITIVE,NONE,80,0,CONTEXTSENSITIVE,CONTEXTFLOWSENSITIVE,DEFAULTFALLBACK,False,True,False,True,False,True,False,True,False,True
16168,1,/home/user/Documents/benchmarks/DroidBench30/benchmark/apks/InterComponentCommunication/ActivityCommunication4.apk,InterComponentCommunication,/home/user/Documents/git/AndroidTAEnvironment/configurations/FlowDroid/2-way/config_FlowDroid_2way_2.xml,False,False,67210,0.625,0.789473684,0.697674419,0.798319328,0.592592593,0.680241665,LAZY,4,DEFAULT,NONE,RTA,FLOWINSENSITIVE,NONE,80,0,CONTEXTSENSITIVE,CONTEXTFLOWSENSITIVE,DEFAULTFALLBACK,False,True,False,True,False,True,False,True,False,True
16173,1,/home/user/Documents/benchmarks/DroidBench30/benchmark/apks/InterComponentCommunication/ActivityCommunication5.apk,InterComponentCommunication,/home/user/Documents/git/AndroidTAEnvironment/configurations/FlowDroid/2-way/config_FlowDroid_2way_2.xml,False,False,81242,0.625,0.789473684,0.697674419,0.798319328,0.592592593,0.680241665,LAZY,4,DEFAULT,NONE,RTA,FLOWINSENSITIVE,NONE,80,0,CONTEXTSENSITIVE,CONTEXTFLOWSENSITIVE,DEFAULTFALLBACK,False,True,False,True,False,True,False,True,False,True
16174,1,/home/user/Documents/benchmarks/DroidBench30/benchmark/apks/InterComponentCommunication/ActivityCommunication5.apk,InterComponentCommunication,/home/user/Documents/git/AndroidTAEnvironment/configurations/FlowDroid/2-way/config_FlowDroid_2way_2.xml,True,True,73668,0.625,0.789473684,0.697674419,0.798319328,0.592592593,0.680241665,LAZY,4,DEFAULT,NONE,RTA,FLOWINSENSITIVE,NONE,80,0,CONTEXTSENSITIVE,CONTEXTFLOWSENSITIVE,DEFAULTFALLBACK,False,True,False,True,False,True,False,True,False,True
16179,1,/home/user/Documents/benchmarks/DroidBench30/benchmark/apks/InterComponentCommunication/ActivityCommunication6.apk,InterComponentCommunication,/home/user/Documents/git/AndroidTAEnvironment/configurations/FlowDroid/2-way/config_FlowDroid_2way_2.xml,False,False,55294,0.625,0.789473684,0.697674419,0.798319328,0.592592593,0.680241665,LAZY,4,DEFAULT,NONE,RTA,FLOWINSENSITIVE,NONE,80,0,CONTEXTSENSITIVE,CONTEXTFLOWSENSITIVE,DEFAULTFALLBACK,False,True,False,True,False,True,False,True,False,True
16180,1,/home/user/Documents/benchmarks/DroidBench30/benchmark/apks/InterComponentCommunication/ActivityCommunication6.apk,InterComponentCommunication,/home/user/Documents/git/AndroidTAEnvironment/configurations/FlowDroid/2-way/config_FlowDroid_2way_2.xml,True,True,70633,0.625,0.789473684,0.697674419,0.798319328,0.592592593,0.680241665,LAZY,4,DEFAULT,NONE,RTA,FLOWINSENSITIVE,NONE,80,0,CONTEXTSENSITIVE,CONTEXTFLOWSENSITIVE,DEFAULTFALLBACK,False,True,False,True,False,True,False,True,False,True
16185,1,/home/user/Documents/benchmarks/DroidBench30/benchmark/apks/InterComponentCommunication/ActivityCommunication7.apk,InterComponentCommunication,/home/user/Documents/git/AndroidTAEnvironment/configurations/FlowDroid/2-way/config_FlowDroid_2way_2.xml,True,True,65023,0.625,0.789473684,0.697674419,0.798319328,0.592592593,0.680241665,LAZY,4,DEFAULT,NONE,RTA,FLOWINSENSITIVE,NONE,80,0,CONTEXTSENSITIVE,CONTEXTFLOWSENSITIVE,DEFAULTFALLBACK,False,True,False,True,False,True,False,True,False,True
16186,1,/home/user/Documents/benchmarks/DroidBench30/benchmark/apks/InterComponentCommunication/ActivityCommunication7.apk,InterComponentCommunication,/home/user/Documents/git/AndroidTAEnvironment/configurations/FlowDroid/2-way/config_FlowDroid_2way_2.xml,False,False,64970,0.625,0.789473684,0.697674419,0.798319328,0.592592593,0.680241665,LAZY,4,DEFAULT,NONE,RTA,FLOWINSENSITIVE,NONE,80,0,CONTEXTSENSITIVE,CONTEXTFLOWSENSITIVE,DEFAULTFALLBACK,False,True,False,True,False,True,False,True,False,True
16191,1,/home/user/Documents/benchmarks/DroidBench30/benchmark/apks/InterComponentCommunication/ActivityCommunication8.apk,InterComponentCommunication,/home/user/Documents/git/AndroidTAEnvironment/configurations/FlowDroid/2-way/config_FlowDroid_2way_2.xml,True,True,57885,0.625,0.789473684,0.697674419,0.798319328,0.592592593,0.680241665,LAZY,4,DEFAULT,NONE,RTA,FLOWINSENSITIVE,NONE,80,0,CONTEXTSENSITIVE,CONTEXTFLOWSENSITIVE,DEFAULTFALLBACK,False,True,False,True,False,True,False,True,False,True
16192,1,/home/user/Documents/benchmarks/DroidBench30/benchmark/apks/InterComponentCommunication/ActivityCommunication8.apk,InterComponentCommunication,/home/user/Documents/git/AndroidTAEnvironment/configurations/FlowDroid/2-way/config_FlowDroid_2way_2.xml,False,False,66471,0.625,0.789473684,0.697674419,0.798319328,0.592592593,0.680241665,LAZY,4,DEFAULT,NONE,RTA,FLOWINSENSITIVE,NONE,80,0,CONTEXTSENSITIVE,CONTEXTFLOWSENSITIVE,DEFAULTFALLBACK,False,True,False,True,False,True,False,True,False,True
16197,1,/home/user/Documents/benchmarks/DroidBench30/benchmark/apks/InterComponentCommunication/BroadcastTaintAndLeak1.apk,InterComponentCommunication,/home/user/Documents/git/AndroidTAEnvironment/configurations/FlowDroid/2-way/config_FlowDroid_2way_2.xml,True,True,64177,0.625,0.789473684,0.697674419,0.798319328,0.592592593,0.680241665,LAZY,4,DEFAULT,NONE,RTA,FLOWINSENSITIVE,NONE,80,0,CONTEXTSENSITIVE,CONTEXTFLOWSENSITIVE,DEFAULTFALLBACK,False,True,False,True,False,True,False,True,False,True
16200,1,/home/user/Documents/benchmarks/DroidBench30/benchmark/apks/InterComponentCommunication/ComponentNotInManifest1.apk,InterComponentCommunication,/home/user/Documents/git/AndroidTAEnvironment/configurations/FlowDroid/2-way/config_FlowDroid_2way_2.xml,False,False,52268,0.625,0.789473684,0.697674419,0.798319328,0.592592593,0.680241665,LAZY,4,DEFAULT,NONE,RTA,FLOWINSENSITIVE,NONE,80,0,CONTEXTSENSITIVE,CONTEXTFLOWSENSITIVE,DEFAULTFALLBACK,False,True,False,True,False,True,False,True,False,True
16201,1,/home/user/Documents/benchmarks/DroidBench30/benchmark/apks/InterComponentCommunication/ComponentNotInManifest1.apk,InterComponentCommunication,/home/user/Documents/git/AndroidTAEnvironment/configurations/FlowDroid/2-way/config_FlowDroid_2way_2.xml,True,False,49654,0.625,0.789473684,0.697674419,0.798319328,0.592592593,0.680241665,LAZY,4,DEFAULT,NONE,RTA,FLOWINSENSITIVE,NONE,80,0,CONTEXTSENSITIVE,CONTEXTFLOWSENSITIVE,DEFAULTFALLBACK,False,True,False,True,False,True,False,True,False,True
16206,1,/home/user/Documents/benchmarks/DroidBench30/benchmark/apks/InterComponentCommunication/EventOrdering1.apk,InterComponentCommunication,/home/user/Documents/git/AndroidTAEnvironment/configurations/FlowDroid/2-way/config_FlowDroid_2way_2.xml,False,False,66035,0.625,0.789473684,0.697674419,0.798319328,0.592592593,0.680241665,LAZY,4,DEFAULT,NONE,RTA,FLOWINSENSITIVE,NONE,80,0,CONTEXTSENSITIVE,CONTEXTFLOWSENSITIVE,DEFAULTFALLBACK,False,True,False,True,False,True,False,True,False,True
16207,1,/home/user/Documents/benchmarks/DroidBench30/benchmark/apks/InterComponentCommunication/EventOrdering1.apk,InterComponentCommunication,/home/user/Documents/git/AndroidTAEnvironment/configurations/FlowDroid/2-way/config_FlowDroid_2way_2.xml,True,True,61447,0.625,0.789473684,0.697674419,0.798319328,0.592592593,0.680241665,LAZY,4,DEFAULT,NONE,RTA,FLOWINSENSITIVE,NONE,80,0,CONTEXTSENSITIVE,CONTEXTFLOWSENSITIVE,DEFAULTFALLBACK,False,True,False,True,False,True,False,True,False,True
16212,1,/home/user/Documents/benchmarks/DroidBench30/benchmark/apks/InterComponentCommunication/IntentSink1.apk,InterComponentCommunication,/home/user/Documents/git/AndroidTAEnvironment/configurations/FlowDroid/2-way/config_FlowDroid_2way_2.xml,True,True,45465,0.625,0.789473684,0.697674419,0.798319328,0.592592593,0.680241665,LAZY,4,DEFAULT,NONE,RTA,FLOWINSENSITIVE,NONE,80,0,CONTEXTSENSITIVE,CONTEXTFLOWSENSITIVE,DEFAULTFALLBACK,False,True,False,True,False,True,False,True,False,True
16215,1,/home/user/Documents/benchmarks/DroidBench30/benchmark/apks/InterComponentCommunication/IntentSink2.apk,InterComponentCommunication,/home/user/Documents/git/AndroidTAEnvironment/configurations/FlowDroid/2-way/config_FlowDroid_2way_2.xml,True,False,57099,0.625,0.789473684,0.697674419,0.798319328,0.592592593,0.680241665,LAZY,4,DEFAULT,NONE,RTA,FLOWINSENSITIVE,NONE,80,0,CONTEXTSENSITIVE,CONTEXTFLOWSENSITIVE,DEFAULTFALLBACK,False,True,False,True,False,True,False,True,False,True
16218,1,/home/user/Documents/benchmarks/DroidBench30/benchmark/apks/InterComponentCommunication/IntentSource1.apk,InterComponentCommunication,/home/user/Documents/git/AndroidTAEnvironment/configurations/FlowDroid/2-way/config_FlowDroid_2way_2.xml,True,False,23216,0.625,0.789473684,0.697674419,0.798319328,0.592592593,0.680241665,LAZY,4,DEFAULT,NONE,RTA,FLOWINSENSITIVE,NONE,80,0,CONTEXTSENSITIVE,CONTEXTFLOWSENSITIVE,DEFAULTFALLBACK,False,True,False,True,False,True,False,True,False,True
16221,1,/home/user/Documents/benchmarks/DroidBench30/benchmark/apks/InterComponentCommunication/ServiceCommunication1.apk,InterComponentCommunication,/home/user/Documents/git/AndroidTAEnvironment/configurations/FlowDroid/2-way/config_FlowDroid_2way_2.xml,True,False,604579,0.625,0.789473684,0.697674419,0.798319328,0.592592593,0.680241665,LAZY,4,DEFAULT,NONE,RTA,FLOWINSENSITIVE,NONE,80,0,CONTEXTSENSITIVE,CONTEXTFLOWSENSITIVE,DEFAULTFALLBACK,False,True,False,True,False,True,False,True,False,True
16224,1,/home/user/Documents/benchmarks/DroidBench30/benchmark/apks/InterComponentCommunication/SharedPreferences1.apk,InterComponentCommunication,/home/user/Documents/git/AndroidTAEnvironment/configurations/FlowDroid/2-way/config_FlowDroid_2way_2.xml,True,True,54249,0.625,0.789473684,0.697674419,0.798319328,0.592592593,0.680241665,LAZY,4,DEFAULT,NONE,RTA,FLOWINSENSITIVE,NONE,80,0,CONTEXTSENSITIVE,CONTEXTFLOWSENSITIVE,DEFAULTFALLBACK,False,True,False,True,False,True,False,True,False,True
16227,1,/home/user/Documents/benchmarks/DroidBench30/benchmark/apks/InterComponentCommunication/Singletons1.apk,InterComponentCommunication,/home/user/Documents/git/AndroidTAEnvironment/configurations/FlowDroid/2-way/config_FlowDroid_2way_2.xml,True,True,96969,0.625,0.789473684,0.697674419,0.798319328,0.592592593,0.680241665,LAZY,4,DEFAULT,NONE,RTA,FLOWINSENSITIVE,NONE,80,0,CONTEXTSENSITIVE,CONTEXTFLOWSENSITIVE,DEFAULTFALLBACK,False,True,False,True,False,True,False,True,False,True
16230,1,/home/user/Documents/benchmarks/DroidBench30/benchmark/apks/InterComponentCommunication/UnresolvableIntent1.apk,InterComponentCommunication,/home/user/Documents/git/AndroidTAEnvironment/configurations/FlowDroid/2-way/config_FlowDroid_2way_2.xml,True,True,36265,0.625,0.789473684,0.697674419,0.798319328,0.592592593,0.680241665,LAZY,4,DEFAULT,NONE,RTA,FLOWINSENSITIVE,NONE,80,0,CONTEXTSENSITIVE,CONTEXTFLOWSENSITIVE,DEFAULTFALLBACK,False,True,False,True,False,True,False,True,False,True
16231,1,/home/user/Documents/benchmarks/DroidBench30/benchmark/apks/InterComponentCommunication/UnresolvableIntent1.apk,InterComponentCommunication,/home/user/Documents/git/AndroidTAEnvironment/configurations/FlowDroid/2-way/config_FlowDroid_2way_2.xml,True,True,59653,0.625,0.789473684,0.697674419,0.798319328,0.592592593,0.680241665,LAZY,4,DEFAULT,NONE,RTA,FLOWINSENSITIVE,NONE,80,0,CONTEXTSENSITIVE,CONTEXTFLOWSENSITIVE,DEFAULTFALLBACK,False,True,False,True,False,True,False,True,False,True
16236,1,/home/user/Documents/benchmarks/DroidBench30/benchmark/apks/Lifecycle/ActivityEventSequence1.apk,Lifecycle,/home/user/Documents/git/AndroidTAEnvironment/configurations/FlowDroid/2-way/config_FlowDroid_2way_2.xml,True,True,53354,1.0,0.833333333,0.909090909,0.798319328,0.592592593,0.680241665,LAZY,4,DEFAULT,NONE,RTA,FLOWINSENSITIVE,NONE,80,0,CONTEXTSENSITIVE,CONTEXTFLOWSENSITIVE,DEFAULTFALLBACK,False,True,False,True,False,True,False,True,False,True
16239,1,/home/user/Documents/benchmarks/DroidBench30/benchmark/apks/Lifecycle/ActivityEventSequence2.apk,Lifecycle,/home/user/Documents/git/AndroidTAEnvironment/configurations/FlowDroid/2-way/config_FlowDroid_2way_2.xml,True,True,43381,1.0,0.833333333,0.909090909,0.798319328,0.592592593,0.680241665,LAZY,4,DEFAULT,NONE,RTA,FLOWINSENSITIVE,NONE,80,0,CONTEXTSENSITIVE,CONTEXTFLOWSENSITIVE,DEFAULTFALLBACK,False,True,False,True,False,True,False,True,False,True
16242,1,/home/user/Documents/benchmarks/DroidBench30/benchmark/apks/Lifecycle/ActivityEventSequence3.apk,Lifecycle,/home/user/Documents/git/AndroidTAEnvironment/configurations/FlowDroid/2-way/config_FlowDroid_2way_2.xml,True,True,157928,1.0,0.833333333,0.909090909,0.798319328,0.592592593,0.680241665,LAZY,4,DEFAULT,NONE,RTA,FLOWINSENSITIVE,NONE,80,0,CONTEXTSENSITIVE,CONTEXTFLOWSENSITIVE,DEFAULTFALLBACK,False,True,False,True,False,True,False,True,False,True
16245,1,/home/user/Documents/benchmarks/DroidBench30/benchmark/apks/Lifecycle/ActivityLifecycle1.apk,Lifecycle,/home/user/Documents/git/AndroidTAEnvironment/configurations/FlowDroid/2-way/config_FlowDroid_2way_2.xml,True,True,33583,1.0,0.833333333,0.909090909,0.798319328,0.592592593,0.680241665,LAZY,4,DEFAULT,NONE,RTA,FLOWINSENSITIVE,NONE,80,0,CONTEXTSENSITIVE,CONTEXTFLOWSENSITIVE,DEFAULTFALLBACK,False,True,False,True,False,True,False,True,False,True
16248,1,/home/user/Documents/benchmarks/DroidBench30/benchmark/apks/Lifecycle/ActivityLifecycle2.apk,Lifecycle,/home/user/Documents/git/AndroidTAEnvironment/configurations/FlowDroid/2-way/config_FlowDroid_2way_2.xml,True,True,23843,1.0,0.833333333,0.909090909,0.798319328,0.592592593,0.680241665,LAZY,4,DEFAULT,NONE,RTA,FLOWINSENSITIVE,NONE,80,0,CONTEXTSENSITIVE,CONTEXTFLOWSENSITIVE,DEFAULTFALLBACK,False,True,False,True,False,True,False,True,False,True
16251,1,/home/user/Documents/benchmarks/DroidBench30/benchmark/apks/Lifecycle/ActivityLifecycle3.apk,Lifecycle,/home/user/Documents/git/AndroidTAEnvironment/configurations/FlowDroid/2-way/config_FlowDroid_2way_2.xml,True,True,41376,1.0,0.833333333,0.909090909,0.798319328,0.592592593,0.680241665,LAZY,4,DEFAULT,NONE,RTA,FLOWINSENSITIVE,NONE,80,0,CONTEXTSENSITIVE,CONTEXTFLOWSENSITIVE,DEFAULTFALLBACK,False,True,False,True,False,True,False,True,False,True
16254,1,/home/user/Documents/benchmarks/DroidBench30/benchmark/apks/Lifecycle/ActivityLifecycle4.apk,Lifecycle,/home/user/Documents/git/AndroidTAEnvironment/configurations/FlowDroid/2-way/config_FlowDroid_2way_2.xml,True,True,41935,1.0,0.833333333,0.909090909,0.798319328,0.592592593,0.680241665,LAZY,4,DEFAULT,NONE,RTA,FLOWINSENSITIVE,NONE,80,0,CONTEXTSENSITIVE,CONTEXTFLOWSENSITIVE,DEFAULTFALLBACK,False,True,False,True,False,True,False,True,False,True
16257,1,/home/user/Documents/benchmarks/DroidBench30/benchmark/apks/Lifecycle/ActivitySavedState1.apk,Lifecycle,/home/user/Documents/git/AndroidTAEnvironment/configurations/FlowDroid/2-way/config_FlowDroid_2way_2.xml,True,True,29234,1.0,0.833333333,0.909090909,0.798319328,0.592592593,0.680241665,LAZY,4,DEFAULT,NONE,RTA,FLOWINSENSITIVE,NONE,80,0,CONTEXTSENSITIVE,CONTEXTFLOWSENSITIVE,DEFAULTFALLBACK,False,True,False,True,False,True,False,True,False,True
16260,1,/home/user/Documents/benchmarks/DroidBench30/benchmark/apks/Lifecycle/ApplicationLifecycle1.apk,Lifecycle,/home/user/Documents/git/AndroidTAEnvironment/configurations/FlowDroid/2-way/config_FlowDroid_2way_2.xml,True,True,37210,1.0,0.833333333,0.909090909,0.798319328,0.592592593,0.680241665,LAZY,4,DEFAULT,NONE,RTA,FLOWINSENSITIVE,NONE,80,0,CONTEXTSENSITIVE,CONTEXTFLOWSENSITIVE,DEFAULTFALLBACK,False,True,False,True,False,True,False,True,False,True
16263,1,/home/user/Documents/benchmarks/DroidBench30/benchmark/apks/Lifecycle/ApplicationLifecycle2.apk,Lifecycle,/home/user/Documents/git/AndroidTAEnvironment/configurations/FlowDroid/2-way/config_FlowDroid_2way_2.xml,True,True,40260,1.0,0.833333333,0.909090909,0.798319328,0.592592593,0.680241665,LAZY,4,DEFAULT,NONE,RTA,FLOWINSENSITIVE,NONE,80,0,CONTEXTSENSITIVE,CONTEXTFLOWSENSITIVE,DEFAULTFALLBACK,False,True,False,True,False,True,False,True,False,True
16266,1,/home/user/Documents/benchmarks/DroidBench30/benchmark/apks/Lifecycle/ApplicationLifecycle3.apk,Lifecycle,/home/user/Documents/git/AndroidTAEnvironment/configurations/FlowDroid/2-way/config_FlowDroid_2way_2.xml,True,True,67530,1.0,0.833333333,0.909090909,0.798319328,0.592592593,0.680241665,LAZY,4,DEFAULT,NONE,RTA,FLOWINSENSITIVE,NONE,80,0,CONTEXTSENSITIVE,CONTEXTFLOWSENSITIVE,DEFAULTFALLBACK,False,True,False,True,False,True,False,True,False,True
16269,1,/home/user/Documents/benchmarks/DroidBench30/benchmark/apks/Lifecycle/AsynchronousEventOrdering1.apk,Lifecycle,/home/user/Documents/git/AndroidTAEnvironment/configurations/FlowDroid/2-way/config_FlowDroid_2way_2.xml,True,True,44978,1.0,0.833333333,0.909090909,0.798319328,0.592592593,0.680241665,LAZY,4,DEFAULT,NONE,RTA,FLOWINSENSITIVE,NONE,80,0,CONTEXTSENSITIVE,CONTEXTFLOWSENSITIVE,DEFAULTFALLBACK,False,True,False,True,False,True,False,True,False,True
16272,1,/home/user/Documents/benchmarks/DroidBench30/benchmark/apks/Lifecycle/BroadcastReceiverLifecycle1.apk,Lifecycle,/home/user/Documents/git/AndroidTAEnvironment/configurations/FlowDroid/2-way/config_FlowDroid_2way_2.xml,True,True,35667,1.0,0.833333333,0.909090909,0.798319328,0.592592593,0.680241665,LAZY,4,DEFAULT,NONE,RTA,FLOWINSENSITIVE,NONE,80,0,CONTEXTSENSITIVE,CONTEXTFLOWSENSITIVE,DEFAULTFALLBACK,False,True,False,True,False,True,False,True,False,True
16275,1,/home/user/Documents/benchmarks/DroidBench30/benchmark/apks/Lifecycle/BroadcastReceiverLifecycle2.apk,Lifecycle,/home/user/Documents/git/AndroidTAEnvironment/configurations/FlowDroid/2-way/config_FlowDroid_2way_2.xml,True,True,91578,1.0,0.833333333,0.909090909,0.798319328,0.592592593,0.680241665,LAZY,4,DEFAULT,NONE,RTA,FLOWINSENSITIVE,NONE,80,0,CONTEXTSENSITIVE,CONTEXTFLOWSENSITIVE,DEFAULTFALLBACK,False,True,False,True,False,True,False,True,False,True
16278,1,/home/user/Documents/benchmarks/DroidBench30/benchmark/apks/Lifecycle/BroadcastReceiverLifecycle3.apk,Lifecycle,/home/user/Documents/git/AndroidTAEnvironment/configurations/FlowDroid/2-way/config_FlowDroid_2way_2.xml,True,True,38502,1.0,0.833333333,0.909090909,0.798319328,0.592592593,0.680241665,LAZY,4,DEFAULT,NONE,RTA,FLOWINSENSITIVE,NONE,80,0,CONTEXTSENSITIVE,CONTEXTFLOWSENSITIVE,DEFAULTFALLBACK,False,True,False,True,False,True,False,True,False,True
16281,1,/home/user/Documents/benchmarks/DroidBench30/benchmark/apks/Lifecycle/EventOrdering1.apk,Lifecycle,/home/user/Documents/git/AndroidTAEnvironment/configurations/FlowDroid/2-way/config_FlowDroid_2way_2.xml,True,True,38719,1.0,0.833333333,0.909090909,0.798319328,0.592592593,0.680241665,LAZY,4,DEFAULT,NONE,RTA,FLOWINSENSITIVE,NONE,80,0,CONTEXTSENSITIVE,CONTEXTFLOWSENSITIVE,DEFAULTFALLBACK,False,True,False,True,False,True,False,True,False,True
16284,1,/home/user/Documents/benchmarks/DroidBench30/benchmark/apks/Lifecycle/FragmentLifecycle1.apk,Lifecycle,/home/user/Documents/git/AndroidTAEnvironment/configurations/FlowDroid/2-way/config_FlowDroid_2way_2.xml,True,True,40751,1.0,0.833333333,0.909090909,0.798319328,0.592592593,0.680241665,LAZY,4,DEFAULT,NONE,RTA,FLOWINSENSITIVE,NONE,80,0,CONTEXTSENSITIVE,CONTEXTFLOWSENSITIVE,DEFAULTFALLBACK,False,True,False,True,False,True,False,True,False,True
16287,1,/home/user/Documents/benchmarks/DroidBench30/benchmark/apks/Lifecycle/FragmentLifecycle2.apk,Lifecycle,/home/user/Documents/git/AndroidTAEnvironment/configurations/FlowDroid/2-way/config_FlowDroid_2way_2.xml,True,False,17342,1.0,0.833333333,0.909090909,0.798319328,0.592592593,0.680241665,LAZY,4,DEFAULT,NONE,RTA,FLOWINSENSITIVE,NONE,80,0,CONTEXTSENSITIVE,CONTEXTFLOWSENSITIVE,DEFAULTFALLBACK,False,True,False,True,False,True,False,True,False,True
16290,1,/home/user/Documents/benchmarks/DroidBench30/benchmark/apks/Lifecycle/ServiceEventSequence1.apk,Lifecycle,/home/user/Documents/git/AndroidTAEnvironment/configurations/FlowDroid/2-way/config_FlowDroid_2way_2.xml,True,False,602505,1.0,0.833333333,0.909090909,0.798319328,0.592592593,0.680241665,LAZY,4,DEFAULT,NONE,RTA,FLOWINSENSITIVE,NONE,80,0,CONTEXTSENSITIVE,CONTEXTFLOWSENSITIVE,DEFAULTFALLBACK,False,True,False,True,False,True,False,True,False,True
16293,1,/home/user/Documents/benchmarks/DroidBench30/benchmark/apks/Lifecycle/ServiceEventSequence2.apk,Lifecycle,/home/user/Documents/git/AndroidTAEnvironment/configurations/FlowDroid/2-way/config_FlowDroid_2way_2.xml,True,False,626623,1.0,0.833333333,0.909090909,0.798319328,0.592592593,0.680241665,LAZY,4,DEFAULT,NONE,RTA,FLOWINSENSITIVE,NONE,80,0,CONTEXTSENSITIVE,CONTEXTFLOWSENSITIVE,DEFAULTFALLBACK,False,True,False,True,False,True,False,True,False,True
16296,1,/home/user/Documents/benchmarks/DroidBench30/benchmark/apks/Lifecycle/ServiceEventSequence3.apk,Lifecycle,/home/user/Documents/git/AndroidTAEnvironment/configurations/FlowDroid/2-way/config_FlowDroid_2way_2.xml,True,False,601672,1.0,0.833333333,0.909090909,0.798319328,0.592592593,0.680241665,LAZY,4,DEFAULT,NONE,RTA,FLOWINSENSITIVE,NONE,80,0,CONTEXTSENSITIVE,CONTEXTFLOWSENSITIVE,DEFAULTFALLBACK,False,True,False,True,False,True,False,True,False,True
16299,1,/home/user/Documents/benchmarks/DroidBench30/benchmark/apks/Lifecycle/ServiceLifecycle1.apk,Lifecycle,/home/user/Documents/git/AndroidTAEnvironment/configurations/FlowDroid/2-way/config_FlowDroid_2way_2.xml,True,True,90275,1.0,0.833333333,0.909090909,0.798319328,0.592592593,0.680241665,LAZY,4,DEFAULT,NONE,RTA,FLOWINSENSITIVE,NONE,80,0,CONTEXTSENSITIVE,CONTEXTFLOWSENSITIVE,DEFAULTFALLBACK,False,True,False,True,False,True,False,True,False,True
16302,1,/home/user/Documents/benchmarks/DroidBench30/benchmark/apks/Lifecycle/ServiceLifecycle2.apk,Lifecycle,/home/user/Documents/git/AndroidTAEnvironment/configurations/FlowDroid/2-way/config_FlowDroid_2way_2.xml,True,True,187162,1.0,0.833333333,0.909090909,0.798319328,0.592592593,0.680241665,LAZY,4,DEFAULT,NONE,RTA,FLOWINSENSITIVE,NONE,80,0,CONTEXTSENSITIVE,CONTEXTFLOWSENSITIVE,DEFAULTFALLBACK,False,True,False,True,False,True,False,True,False,True
16305,1,/home/user/Documents/benchmarks/DroidBench30/benchmark/apks/Lifecycle/SharedPreferenceChanged1.apk,Lifecycle,/home/user/Documents/git/AndroidTAEnvironment/configurations/FlowDroid/2-way/config_FlowDroid_2way_2.xml,True,True,39356,1.0,0.833333333,0.909090909,0.798319328,0.592592593,0.680241665,LAZY,4,DEFAULT,NONE,RTA,FLOWINSENSITIVE,NONE,80,0,CONTEXTSENSITIVE,CONTEXTFLOWSENSITIVE,DEFAULTFALLBACK,False,True,False,True,False,True,False,True,False,True
16308,1,/home/user/Documents/benchmarks/DroidBench30/benchmark/apks/Native/JavaIDFunction.apk,Native,/home/user/Documents/git/AndroidTAEnvironment/configurations/FlowDroid/2-way/config_FlowDroid_2way_2.xml,True,False,9925,1.0,0.2,0.333333333,0.798319328,0.592592593,0.680241665,LAZY,4,DEFAULT,NONE,RTA,FLOWINSENSITIVE,NONE,80,0,CONTEXTSENSITIVE,CONTEXTFLOWSENSITIVE,DEFAULTFALLBACK,False,True,False,True,False,True,False,True,False,True
16311,1,/home/user/Documents/benchmarks/DroidBench30/benchmark/apks/Native/NativeIDFunction.apk,Native,/home/user/Documents/git/AndroidTAEnvironment/configurations/FlowDroid/2-way/config_FlowDroid_2way_2.xml,True,True,50868,1.0,0.2,0.333333333,0.798319328,0.592592593,0.680241665,LAZY,4,DEFAULT,NONE,RTA,FLOWINSENSITIVE,NONE,80,0,CONTEXTSENSITIVE,CONTEXTFLOWSENSITIVE,DEFAULTFALLBACK,False,True,False,True,False,True,False,True,False,True
16314,1,/home/user/Documents/benchmarks/DroidBench30/benchmark/apks/Native/SinkInNativeCode.apk,Native,/home/user/Documents/git/AndroidTAEnvironment/configurations/FlowDroid/2-way/config_FlowDroid_2way_2.xml,True,False,9997,1.0,0.2,0.333333333,0.798319328,0.592592593,0.680241665,LAZY,4,DEFAULT,NONE,RTA,FLOWINSENSITIVE,NONE,80,0,CONTEXTSENSITIVE,CONTEXTFLOWSENSITIVE,DEFAULTFALLBACK,False,True,False,True,False,True,False,True,False,True
16317,1,/home/user/Documents/benchmarks/DroidBench30/benchmark/apks/Native/SinkInNativeLibCode.apk,Native,/home/user/Documents/git/AndroidTAEnvironment/configurations/FlowDroid/2-way/config_FlowDroid_2way_2.xml,True,False,8706,1.0,0.2,0.333333333,0.798319328,0.592592593,0.680241665,LAZY,4,DEFAULT,NONE,RTA,FLOWINSENSITIVE,NONE,80,0,CONTEXTSENSITIVE,CONTEXTFLOWSENSITIVE,DEFAULTFALLBACK,False,True,False,True,False,True,False,True,False,True
16320,1,/home/user/Documents/benchmarks/DroidBench30/benchmark/apks/Native/SourceInNativeCode.apk,Native,/home/user/Documents/git/AndroidTAEnvironment/configurations/FlowDroid/2-way/config_FlowDroid_2way_2.xml,True,False,9996,1.0,0.2,0.333333333,0.798319328,0.592592593,0.680241665,LAZY,4,DEFAULT,NONE,RTA,FLOWINSENSITIVE,NONE,80,0,CONTEXTSENSITIVE,CONTEXTFLOWSENSITIVE,DEFAULTFALLBACK,False,True,False,True,False,True,False,True,False,True
16323,1,/home/user/Documents/benchmarks/DroidBench30/benchmark/apks/Reflection/Reflection1.apk,Reflection,/home/user/Documents/git/AndroidTAEnvironment/configurations/FlowDroid/2-way/config_FlowDroid_2way_2.xml,True,True,49260,1.0,0.444444444,0.615384615,0.798319328,0.592592593,0.680241665,LAZY,4,DEFAULT,NONE,RTA,FLOWINSENSITIVE,NONE,80,0,CONTEXTSENSITIVE,CONTEXTFLOWSENSITIVE,DEFAULTFALLBACK,False,True,False,True,False,True,False,True,False,True
16326,1,/home/user/Documents/benchmarks/DroidBench30/benchmark/apks/Reflection/Reflection2.apk,Reflection,/home/user/Documents/git/AndroidTAEnvironment/configurations/FlowDroid/2-way/config_FlowDroid_2way_2.xml,True,True,36775,1.0,0.444444444,0.615384615,0.798319328,0.592592593,0.680241665,LAZY,4,DEFAULT,NONE,RTA,FLOWINSENSITIVE,NONE,80,0,CONTEXTSENSITIVE,CONTEXTFLOWSENSITIVE,DEFAULTFALLBACK,False,True,False,True,False,True,False,True,False,True
16329,1,/home/user/Documents/benchmarks/DroidBench30/benchmark/apks/Reflection/Reflection3.apk,Reflection,/home/user/Documents/git/AndroidTAEnvironment/configurations/FlowDroid/2-way/config_FlowDroid_2way_2.xml,True,True,40866,1.0,0.444444444,0.615384615,0.798319328,0.592592593,0.680241665,LAZY,4,DEFAULT,NONE,RTA,FLOWINSENSITIVE,NONE,80,0,CONTEXTSENSITIVE,CONTEXTFLOWSENSITIVE,DEFAULTFALLBACK,False,True,False,True,False,True,False,True,False,True
16332,1,/home/user/Documents/benchmarks/DroidBench30/benchmark/apks/Reflection/Reflection4.apk,Reflection,/home/user/Documents/git/AndroidTAEnvironment/configurations/FlowDroid/2-way/config_FlowDroid_2way_2.xml,True,False,6336,1.0,0.444444444,0.615384615,0.798319328,0.592592593,0.680241665,LAZY,4,DEFAULT,NONE,RTA,FLOWINSENSITIVE,NONE,80,0,CONTEXTSENSITIVE,CONTEXTFLOWSENSITIVE,DEFAULTFALLBACK,False,True,False,True,False,True,False,True,False,True
16335,1,/home/user/Documents/benchmarks/DroidBench30/benchmark/apks/Reflection/Reflection5.apk,Reflection,/home/user/Documents/git/AndroidTAEnvironment/configurations/FlowDroid/2-way/config_FlowDroid_2way_2.xml,True,False,6719,1.0,0.444444444,0.615384615,0.798319328,0.592592593,0.680241665,LAZY,4,DEFAULT,NONE,RTA,FLOWINSENSITIVE,NONE,80,0,CONTEXTSENSITIVE,CONTEXTFLOWSENSITIVE,DEFAULTFALLBACK,False,True,False,True,False,True,False,True,False,True
16338,1,/home/user/Documents/benchmarks/DroidBench30/benchmark/apks/Reflection/Reflection6.apk,Reflection,/home/user/Documents/git/AndroidTAEnvironment/configurations/FlowDroid/2-way/config_FlowDroid_2way_2.xml,True,False,5940,1.0,0.444444444,0.615384615,0.798319328,0.592592593,0.680241665,LAZY,4,DEFAULT,NONE,RTA,FLOWINSENSITIVE,NONE,80,0,CONTEXTSENSITIVE,CONTEXTFLOWSENSITIVE,DEFAULTFALLBACK,False,True,False,True,False,True,False,True,False,True
16341,1,/home/user/Documents/benchmarks/DroidBench30/benchmark/apks/Reflection/Reflection7.apk,Reflection,/home/user/Documents/git/AndroidTAEnvironment/configurations/FlowDroid/2-way/config_FlowDroid_2way_2.xml,True,True,77563,1.0,0.444444444,0.615384615,0.798319328,0.592592593,0.680241665,LAZY,4,DEFAULT,NONE,RTA,FLOWINSENSITIVE,NONE,80,0,CONTEXTSENSITIVE,CONTEXTFLOWSENSITIVE,DEFAULTFALLBACK,False,True,False,True,False,True,False,True,False,True
16344,1,/home/user/Documents/benchmarks/DroidBench30/benchmark/apks/Reflection/Reflection8.apk,Reflection,/home/user/Documents/git/AndroidTAEnvironment/configurations/FlowDroid/2-way/config_FlowDroid_2way_2.xml,True,False,7495,1.0,0.444444444,0.615384615,0.798319328,0.592592593,0.680241665,LAZY,4,DEFAULT,NONE,RTA,FLOWINSENSITIVE,NONE,80,0,CONTEXTSENSITIVE,CONTEXTFLOWSENSITIVE,DEFAULTFALLBACK,False,True,False,True,False,True,False,True,False,True
16347,1,/home/user/Documents/benchmarks/DroidBench30/benchmark/apks/Reflection/Reflection9.apk,Reflection,/home/user/Documents/git/AndroidTAEnvironment/configurations/FlowDroid/2-way/config_FlowDroid_2way_2.xml,True,False,7235,1.0,0.444444444,0.615384615,0.798319328,0.592592593,0.680241665,LAZY,4,DEFAULT,NONE,RTA,FLOWINSENSITIVE,NONE,80,0,CONTEXTSENSITIVE,CONTEXTFLOWSENSITIVE,DEFAULTFALLBACK,False,True,False,True,False,True,False,True,False,True
16350,1,/home/user/Documents/benchmarks/DroidBench30/benchmark/apks/Reflection_ICC/ActivityCommunication2.apk,Reflection_ICC,/home/user/Documents/git/AndroidTAEnvironment/configurations/FlowDroid/2-way/config_FlowDroid_2way_2.xml,True,False,8413,0.0,0.0,0.0,0.798319328,0.592592593,0.680241665,LAZY,4,DEFAULT,NONE,RTA,FLOWINSENSITIVE,NONE,80,0,CONTEXTSENSITIVE,CONTEXTFLOWSENSITIVE,DEFAULTFALLBACK,False,True,False,True,False,True,False,True,False,True
16351,1,/home/user/Documents/benchmarks/DroidBench30/benchmark/apks/Reflection_ICC/ActivityCommunication2.apk,Reflection_ICC,/home/user/Documents/git/AndroidTAEnvironment/configurations/FlowDroid/2-way/config_FlowDroid_2way_2.xml,False,True,9029,0.0,0.0,0.0,0.798319328,0.592592593,0.680241665,LAZY,4,DEFAULT,NONE,RTA,FLOWINSENSITIVE,NONE,80,0,CONTEXTSENSITIVE,CONTEXTFLOWSENSITIVE,DEFAULTFALLBACK,False,True,False,True,False,True,False,True,False,True
16356,1,/home/user/Documents/benchmarks/DroidBench30/benchmark/apks/Reflection_ICC/AllReflection.apk,Reflection_ICC,/home/user/Documents/git/AndroidTAEnvironment/configurations/FlowDroid/2-way/config_FlowDroid_2way_2.xml,True,False,8125,0.0,0.0,0.0,0.798319328,0.592592593,0.680241665,LAZY,4,DEFAULT,NONE,RTA,FLOWINSENSITIVE,NONE,80,0,CONTEXTSENSITIVE,CONTEXTFLOWSENSITIVE,DEFAULTFALLBACK,False,True,False,True,False,True,False,True,False,True
16359,1,/home/user/Documents/benchmarks/DroidBench30/benchmark/apks/Reflection_ICC/OnlyIntent.apk,Reflection_ICC,/home/user/Documents/git/AndroidTAEnvironment/configurations/FlowDroid/2-way/config_FlowDroid_2way_2.xml,True,False,8248,0.0,0.0,0.0,0.798319328,0.592592593,0.680241665,LAZY,4,DEFAULT,NONE,RTA,FLOWINSENSITIVE,NONE,80,0,CONTEXTSENSITIVE,CONTEXTFLOWSENSITIVE,DEFAULTFALLBACK,False,True,False,True,False,True,False,True,False,True
16362,1,/home/user/Documents/benchmarks/DroidBench30/benchmark/apks/Reflection_ICC/OnlyIntentReceive.apk,Reflection_ICC,/home/user/Documents/git/AndroidTAEnvironment/configurations/FlowDroid/2-way/config_FlowDroid_2way_2.xml,True,False,7643,0.0,0.0,0.0,0.798319328,0.592592593,0.680241665,LAZY,4,DEFAULT,NONE,RTA,FLOWINSENSITIVE,NONE,80,0,CONTEXTSENSITIVE,CONTEXTFLOWSENSITIVE,DEFAULTFALLBACK,False,True,False,True,False,True,False,True,False,True
16365,1,/home/user/Documents/benchmarks/DroidBench30/benchmark/apks/Reflection_ICC/OnlySMS.apk,Reflection_ICC,/home/user/Documents/git/AndroidTAEnvironment/configurations/FlowDroid/2-way/config_FlowDroid_2way_2.xml,True,False,7455,0.0,0.0,0.0,0.798319328,0.592592593,0.680241665,LAZY,4,DEFAULT,NONE,RTA,FLOWINSENSITIVE,NONE,80,0,CONTEXTSENSITIVE,CONTEXTFLOWSENSITIVE,DEFAULTFALLBACK,False,True,False,True,False,True,False,True,False,True
16368,1,/home/user/Documents/benchmarks/DroidBench30/benchmark/apks/Reflection_ICC/OnlyTelephony_Dynamic.apk,Reflection_ICC,/home/user/Documents/git/AndroidTAEnvironment/configurations/FlowDroid/2-way/config_FlowDroid_2way_2.xml,True,False,6703,0.0,0.0,0.0,0.798319328,0.592592593,0.680241665,LAZY,4,DEFAULT,NONE,RTA,FLOWINSENSITIVE,NONE,80,0,CONTEXTSENSITIVE,CONTEXTFLOWSENSITIVE,DEFAULTFALLBACK,False,True,False,True,False,True,False,True,False,True
16371,1,/home/user/Documents/benchmarks/DroidBench30/benchmark/apks/Reflection_ICC/OnlyTelephony_Reverse.apk,Reflection_ICC,/home/user/Documents/git/AndroidTAEnvironment/configurations/FlowDroid/2-way/config_FlowDroid_2way_2.xml,True,False,8748,0.0,0.0,0.0,0.798319328,0.592592593,0.680241665,LAZY,4,DEFAULT,NONE,RTA,FLOWINSENSITIVE,NONE,80,0,CONTEXTSENSITIVE,CONTEXTFLOWSENSITIVE,DEFAULTFALLBACK,False,True,False,True,False,True,False,True,False,True
16374,1,/home/user/Documents/benchmarks/DroidBench30/benchmark/apks/Reflection_ICC/OnlyTelephony_Substring.apk,Reflection_ICC,/home/user/Documents/git/AndroidTAEnvironment/configurations/FlowDroid/2-way/config_FlowDroid_2way_2.xml,True,False,9546,0.0,0.0,0.0,0.798319328,0.592592593,0.680241665,LAZY,4,DEFAULT,NONE,RTA,FLOWINSENSITIVE,NONE,80,0,CONTEXTSENSITIVE,CONTEXTFLOWSENSITIVE,DEFAULTFALLBACK,False,True,False,True,False,True,False,True,False,True
16377,1,/home/user/Documents/benchmarks/DroidBench30/benchmark/apks/Reflection_ICC/OnlyTelephony.apk,Reflection_ICC,/home/user/Documents/git/AndroidTAEnvironment/configurations/FlowDroid/2-way/config_FlowDroid_2way_2.xml,True,False,9108,0.0,0.0,0.0,0.798319328,0.592592593,0.680241665,LAZY,4,DEFAULT,NONE,RTA,FLOWINSENSITIVE,NONE,80,0,CONTEXTSENSITIVE,CONTEXTFLOWSENSITIVE,DEFAULTFALLBACK,False,True,False,True,False,True,False,True,False,True
16380,1,/home/user/Documents/benchmarks/DroidBench30/benchmark/apks/Reflection_ICC/SharedPreferences1.apk,Reflection_ICC,/home/user/Documents/git/AndroidTAEnvironment/configurations/FlowDroid/2-way/config_FlowDroid_2way_2.xml,True,False,7221,0.0,0.0,0.0,0.798319328,0.592592593,0.680241665,LAZY,4,DEFAULT,NONE,RTA,FLOWINSENSITIVE,NONE,80,0,CONTEXTSENSITIVE,CONTEXTFLOWSENSITIVE,DEFAULTFALLBACK,False,True,False,True,False,True,False,True,False,True
16381,1,/home/user/Documents/benchmarks/DroidBench30/benchmark/apks/Reflection_ICC/SharedPreferences1.apk,Reflection_ICC,/home/user/Documents/git/AndroidTAEnvironment/configurations/FlowDroid/2-way/config_FlowDroid_2way_2.xml,True,False,9850,0.0,0.0,0.0,0.798319328,0.592592593,0.680241665,LAZY,4,DEFAULT,NONE,RTA,FLOWINSENSITIVE,NONE,80,0,CONTEXTSENSITIVE,CONTEXTFLOWSENSITIVE,DEFAULTFALLBACK,False,True,False,True,False,True,False,True,False,True
16386,1,/home/user/Documents/benchmarks/DroidBench30/benchmark/apks/SelfModification/BytecodeTamper1.apk,SelfModification,/home/user/Documents/git/AndroidTAEnvironment/configurations/FlowDroid/2-way/config_FlowDroid_2way_2.xml,False,True,23376,0.0,0.0,0.0,0.798319328,0.592592593,0.680241665,LAZY,4,DEFAULT,NONE,RTA,FLOWINSENSITIVE,NONE,80,0,CONTEXTSENSITIVE,CONTEXTFLOWSENSITIVE,DEFAULTFALLBACK,False,True,False,True,False,True,False,True,False,True
16387,1,/home/user/Documents/benchmarks/DroidBench30/benchmark/apks/SelfModification/BytecodeTamper1.apk,SelfModification,/home/user/Documents/git/AndroidTAEnvironment/configurations/FlowDroid/2-way/config_FlowDroid_2way_2.xml,True,False,21834,0.0,0.0,0.0,0.798319328,0.592592593,0.680241665,LAZY,4,DEFAULT,NONE,RTA,FLOWINSENSITIVE,NONE,80,0,CONTEXTSENSITIVE,CONTEXTFLOWSENSITIVE,DEFAULTFALLBACK,False,True,False,True,False,True,False,True,False,True
16392,1,/home/user/Documents/benchmarks/DroidBench30/benchmark/apks/SelfModification/BytecodeTamper2.apk,SelfModification,/home/user/Documents/git/AndroidTAEnvironment/configurations/FlowDroid/2-way/config_FlowDroid_2way_2.xml,True,False,9253,0.0,0.0,0.0,0.798319328,0.592592593,0.680241665,LAZY,4,DEFAULT,NONE,RTA,FLOWINSENSITIVE,NONE,80,0,CONTEXTSENSITIVE,CONTEXTFLOWSENSITIVE,DEFAULTFALLBACK,False,True,False,True,False,True,False,True,False,True
16395,1,/home/user/Documents/benchmarks/DroidBench30/benchmark/apks/SelfModification/BytecodeTamper3.apk,SelfModification,/home/user/Documents/git/AndroidTAEnvironment/configurations/FlowDroid/2-way/config_FlowDroid_2way_2.xml,False,True,7453,0.0,0.0,0.0,0.798319328,0.592592593,0.680241665,LAZY,4,DEFAULT,NONE,RTA,FLOWINSENSITIVE,NONE,80,0,CONTEXTSENSITIVE,CONTEXTFLOWSENSITIVE,DEFAULTFALLBACK,False,True,False,True,False,True,False,True,False,True
16396,1,/home/user/Documents/benchmarks/DroidBench30/benchmark/apks/SelfModification/BytecodeTamper3.apk,SelfModification,/home/user/Documents/git/AndroidTAEnvironment/configurations/FlowDroid/2-way/config_FlowDroid_2way_2.xml,True,False,7938,0.0,0.0,0.0,0.798319328,0.592592593,0.680241665,LAZY,4,DEFAULT,NONE,RTA,FLOWINSENSITIVE,NONE,80,0,CONTEXTSENSITIVE,CONTEXTFLOWSENSITIVE,DEFAULTFALLBACK,False,True,False,True,False,True,False,True,False,True
16401,1,/home/user/Documents/benchmarks/DroidBench30/benchmark/apks/Threading/AsyncTask1.apk,Threading,/home/user/Documents/git/AndroidTAEnvironment/configurations/FlowDroid/2-way/config_FlowDroid_2way_2.xml,True,False,11595,1.0,0.666666667,0.8,0.798319328,0.592592593,0.680241665,LAZY,4,DEFAULT,NONE,RTA,FLOWINSENSITIVE,NONE,80,0,CONTEXTSENSITIVE,CONTEXTFLOWSENSITIVE,DEFAULTFALLBACK,False,True,False,True,False,True,False,True,False,True
16404,1,/home/user/Documents/benchmarks/DroidBench30/benchmark/apks/Threading/Executor1.apk,Threading,/home/user/Documents/git/AndroidTAEnvironment/configurations/FlowDroid/2-way/config_FlowDroid_2way_2.xml,True,True,70851,1.0,0.666666667,0.8,0.798319328,0.592592593,0.680241665,LAZY,4,DEFAULT,NONE,RTA,FLOWINSENSITIVE,NONE,80,0,CONTEXTSENSITIVE,CONTEXTFLOWSENSITIVE,DEFAULTFALLBACK,False,True,False,True,False,True,False,True,False,True
16407,1,/home/user/Documents/benchmarks/DroidBench30/benchmark/apks/Threading/JavaThread1.apk,Threading,/home/user/Documents/git/AndroidTAEnvironment/configurations/FlowDroid/2-way/config_FlowDroid_2way_2.xml,True,True,202805,1.0,0.666666667,0.8,0.798319328,0.592592593,0.680241665,LAZY,4,DEFAULT,NONE,RTA,FLOWINSENSITIVE,NONE,80,0,CONTEXTSENSITIVE,CONTEXTFLOWSENSITIVE,DEFAULTFALLBACK,False,True,False,True,False,True,False,True,False,True
16410,1,/home/user/Documents/benchmarks/DroidBench30/benchmark/apks/Threading/JavaThread2.apk,Threading,/home/user/Documents/git/AndroidTAEnvironment/configurations/FlowDroid/2-way/config_FlowDroid_2way_2.xml,True,False,602449,1.0,0.666666667,0.8,0.798319328,0.592592593,0.680241665,LAZY,4,DEFAULT,NONE,RTA,FLOWINSENSITIVE,NONE,80,0,CONTEXTSENSITIVE,CONTEXTFLOWSENSITIVE,DEFAULTFALLBACK,False,True,False,True,False,True,False,True,False,True
16413,1,/home/user/Documents/benchmarks/DroidBench30/benchmark/apks/Threading/Looper1.apk,Threading,/home/user/Documents/git/AndroidTAEnvironment/configurations/FlowDroid/2-way/config_FlowDroid_2way_2.xml,True,True,321719,1.0,0.666666667,0.8,0.798319328,0.592592593,0.680241665,LAZY,4,DEFAULT,NONE,RTA,FLOWINSENSITIVE,NONE,80,0,CONTEXTSENSITIVE,CONTEXTFLOWSENSITIVE,DEFAULTFALLBACK,False,True,False,True,False,True,False,True,False,True
16416,1,/home/user/Documents/benchmarks/DroidBench30/benchmark/apks/Threading/TimerTask1.apk,Threading,/home/user/Documents/git/AndroidTAEnvironment/configurations/FlowDroid/2-way/config_FlowDroid_2way_2.xml,True,True,386592,1.0,0.666666667,0.8,0.798319328,0.592592593,0.680241665,LAZY,4,DEFAULT,NONE,RTA,FLOWINSENSITIVE,NONE,80,0,CONTEXTSENSITIVE,CONTEXTFLOWSENSITIVE,DEFAULTFALLBACK,False,True,False,True,False,True,False,True,False,True
16419,1,/home/user/Documents/benchmarks/DroidBench30/benchmark/apks/UnreachableCode/UnreachableSource1.apk,UnreachableCode,/home/user/Documents/git/AndroidTAEnvironment/configurations/FlowDroid/2-way/config_FlowDroid_2way_2.xml,True,True,22710,0.75,1.0,0.857142857,0.88372093,0.592592593,0.709451575,LAZY,4,DEFAULT,NONE,RTA,FLOWINSENSITIVE,NONE,80,0,CONTEXTSENSITIVE,CONTEXTFLOWSENSITIVE,DEFAULTFALLBACK,False,True,False,True,False,True,False,True,False,True
16420,1,/home/user/Documents/benchmarks/DroidBench30/benchmark/apks/UnreachableCode/UnreachableSink1.apk,UnreachableCode,/home/user/Documents/git/AndroidTAEnvironment/configurations/FlowDroid/2-way/config_FlowDroid_2way_2.xml,True,True,21233,0.75,1.0,0.857142857,0.88372093,0.592592593,0.709451575,LAZY,4,DEFAULT,NONE,RTA,FLOWINSENSITIVE,NONE,80,0,CONTEXTSENSITIVE,CONTEXTFLOWSENSITIVE,DEFAULTFALLBACK,False,True,False,True,False,True,False,True,False,True
16421,1,/home/user/Documents/benchmarks/DroidBench30/benchmark/apks/UnreachableCode/UnreachableBoth.apk,UnreachableCode,/home/user/Documents/git/AndroidTAEnvironment/configurations/FlowDroid/2-way/config_FlowDroid_2way_2.xml,True,True,27506,0.75,1.0,0.857142857,0.88372093,0.592592593,0.709451575,LAZY,4,DEFAULT,NONE,RTA,FLOWINSENSITIVE,NONE,80,0,CONTEXTSENSITIVE,CONTEXTFLOWSENSITIVE,DEFAULTFALLBACK,False,True,False,True,False,True,False,True,False,True
16422,1,/home/user/Documents/benchmarks/DroidBench30/benchmark/apks/UnreachableCode/SimpleUnreachable1.apk,UnreachableCode,/home/user/Documents/git/AndroidTAEnvironment/configurations/FlowDroid/2-way/config_FlowDroid_2way_2.xml,False,False,37123,0.75,1.0,0.857142857,0.88372093,0.592592593,0.709451575,LAZY,4,DEFAULT,NONE,RTA,FLOWINSENSITIVE,NONE,80,0,CONTEXTSENSITIVE,CONTEXTFLOWSENSITIVE,DEFAULTFALLBACK,False,True,False,True,False,True,False,True,False,True
16423,1,/home/user/Documents/benchmarks/DroidBench30/benchmark/apks/Aliasing/StrongUpdate1.apk,Aliasing,/home/user/Documents/git/AndroidTAEnvironment/configurations/FlowDroid/2-way/config_FlowDroid_2way_2.xml,False,True,601881,0.0,0.0,0.0,0.88372093,0.592592593,0.709451575,LAZY,4,DEFAULT,NONE,RTA,FLOWINSENSITIVE,NONE,80,0,CONTEXTSENSITIVE,CONTEXTFLOWSENSITIVE,DEFAULTFALLBACK,False,True,False,True,False,True,False,True,False,True
16424,1,/home/user/Documents/benchmarks/DroidBench30/benchmark/apks/Aliasing/SimpleAliasing1.apk,Aliasing,/home/user/Documents/git/AndroidTAEnvironment/configurations/FlowDroid/2-way/config_FlowDroid_2way_2.xml,True,False,602805,0.0,0.0,0.0,0.88372093,0.592592593,0.709451575,LAZY,4,DEFAULT,NONE,RTA,FLOWINSENSITIVE,NONE,80,0,CONTEXTSENSITIVE,CONTEXTFLOWSENSITIVE,DEFAULTFALLBACK,False,True,False,True,False,True,False,True,False,True
16425,1,/home/user/Documents/benchmarks/DroidBench30/benchmark/apks/Aliasing/Merge1.apk,Aliasing,/home/user/Documents/git/AndroidTAEnvironment/configurations/FlowDroid/2-way/config_FlowDroid_2way_2.xml,False,True,602868,0.0,0.0,0.0,0.88372093,0.592592593,0.709451575,LAZY,4,DEFAULT,NONE,RTA,FLOWINSENSITIVE,NONE,80,0,CONTEXTSENSITIVE,CONTEXTFLOWSENSITIVE,DEFAULTFALLBACK,False,True,False,True,False,True,False,True,False,True
16426,1,/home/user/Documents/benchmarks/DroidBench30/benchmark/apks/Aliasing/FlowSensitivity1.apk,Aliasing,/home/user/Documents/git/AndroidTAEnvironment/configurations/FlowDroid/2-way/config_FlowDroid_2way_2.xml,False,False,259448,0.0,0.0,0.0,0.88372093,0.592592593,0.709451575,LAZY,4,DEFAULT,NONE,RTA,FLOWINSENSITIVE,NONE,80,0,CONTEXTSENSITIVE,CONTEXTFLOWSENSITIVE,DEFAULTFALLBACK,False,True,False,True,False,True,False,True,False,True
