,replication,apk,category,generating_script,true_positive,successful,time,category_precision,category_recall,category_fmeasure,run_precision,run_recall,run_fmeasure,aliasalgo,aliasflowins,aplength,callbackanalyzer,codeelimination,cgalgo,dataflowsolver,analyzeframeworks,implicit,maxcallbackspercomponent,maxcallbacksdepth,nocallbacks,noexceptions,nothischainreduction,pathalgo,pathspecificresults,onesourceatatime,onecomponentatatime,enablereflection,singlejoinpointabstraction,staticmode,taintwrapper
6699,1,/home/user/Documents/benchmarks/DroidBench30/benchmark/apks/Aliasing/StrongUpdate1.apk,Aliasing,/home/user/Documents/git/AndroidTAEnvironment/configurations/FlowDroid/1-way/config_FlowDroid_aplength5.xml,False,True,16267,0.5,1.0,0.666666667,0.875,0.518518519,0.651162791,DEFAULT,False,5,DEFAULT,DEFAULT,DEFAULT,DEFAULT,False,DEFAULT,DEFAULT,DEFAULT,False,False,False,DEFAULT,False,False,False,False,False,DEFAULT,DEFAULT
6700,1,/home/user/Documents/benchmarks/DroidBench30/benchmark/apks/Aliasing/SimpleAliasing1.apk,Aliasing,/home/user/Documents/git/AndroidTAEnvironment/configurations/FlowDroid/1-way/config_FlowDroid_aplength5.xml,True,True,13542,0.5,1.0,0.666666667,0.875,0.518518519,0.651162791,DEFAULT,False,5,DEFAULT,DEFAULT,DEFAULT,DEFAULT,False,DEFAULT,DEFAULT,DEFAULT,False,False,False,DEFAULT,False,False,False,False,False,DEFAULT,DEFAULT
6701,1,/home/user/Documents/benchmarks/DroidBench30/benchmark/apks/Aliasing/Merge1.apk,Aliasing,/home/user/Documents/git/AndroidTAEnvironment/configurations/FlowDroid/1-way/config_FlowDroid_aplength5.xml,False,False,14330,0.5,1.0,0.666666667,0.875,0.518518519,0.651162791,DEFAULT,False,5,DEFAULT,DEFAULT,DEFAULT,DEFAULT,False,DEFAULT,DEFAULT,DEFAULT,False,False,False,DEFAULT,False,False,False,False,False,DEFAULT,DEFAULT
6702,1,/home/user/Documents/benchmarks/DroidBench30/benchmark/apks/Aliasing/FlowSensitivity1.apk,Aliasing,/home/user/Documents/git/AndroidTAEnvironment/configurations/FlowDroid/1-way/config_FlowDroid_aplength5.xml,False,True,12141,0.5,1.0,0.666666667,0.875,0.518518519,0.651162791,DEFAULT,False,5,DEFAULT,DEFAULT,DEFAULT,DEFAULT,False,DEFAULT,DEFAULT,DEFAULT,False,False,False,DEFAULT,False,False,False,False,False,DEFAULT,DEFAULT
6703,1,/home/user/Documents/benchmarks/DroidBench30/benchmark/apks/AndroidSpecific/PrivateDataLeak3.apk,AndroidSpecific,/home/user/Documents/git/AndroidTAEnvironment/configurations/FlowDroid/1-way/config_FlowDroid_aplength5.xml,True,False,20994,1.0,0.7,0.823529412,0.875,0.518518519,0.651162791,DEFAULT,False,5,DEFAULT,DEFAULT,DEFAULT,DEFAULT,False,DEFAULT,DEFAULT,DEFAULT,False,False,False,DEFAULT,False,False,False,False,False,DEFAULT,DEFAULT
6704,1,/home/user/Documents/benchmarks/DroidBench30/benchmark/apks/AndroidSpecific/Obfuscation1.apk,AndroidSpecific,/home/user/Documents/git/AndroidTAEnvironment/configurations/FlowDroid/1-way/config_FlowDroid_aplength5.xml,True,True,19364,1.0,0.7,0.823529412,0.875,0.518518519,0.651162791,DEFAULT,False,5,DEFAULT,DEFAULT,DEFAULT,DEFAULT,False,DEFAULT,DEFAULT,DEFAULT,False,False,False,DEFAULT,False,False,False,False,False,DEFAULT,DEFAULT
6705,1,/home/user/Documents/benchmarks/DroidBench30/benchmark/apks/AndroidSpecific/PublicAPIField1.apk,AndroidSpecific,/home/user/Documents/git/AndroidTAEnvironment/configurations/FlowDroid/1-way/config_FlowDroid_aplength5.xml,True,False,18712,1.0,0.7,0.823529412,0.875,0.518518519,0.651162791,DEFAULT,False,5,DEFAULT,DEFAULT,DEFAULT,DEFAULT,False,DEFAULT,DEFAULT,DEFAULT,False,False,False,DEFAULT,False,False,False,False,False,DEFAULT,DEFAULT
6706,1,/home/user/Documents/benchmarks/DroidBench30/benchmark/apks/AndroidSpecific/PrivateDataLeak2.apk,AndroidSpecific,/home/user/Documents/git/AndroidTAEnvironment/configurations/FlowDroid/1-way/config_FlowDroid_aplength5.xml,True,True,17945,1.0,0.7,0.823529412,0.875,0.518518519,0.651162791,DEFAULT,False,5,DEFAULT,DEFAULT,DEFAULT,DEFAULT,False,DEFAULT,DEFAULT,DEFAULT,False,False,False,DEFAULT,False,False,False,False,False,DEFAULT,DEFAULT
6707,1,/home/user/Documents/benchmarks/DroidBench30/benchmark/apks/AndroidSpecific/PrivateDataLeak1.apk,AndroidSpecific,/home/user/Documents/git/AndroidTAEnvironment/configurations/FlowDroid/1-way/config_FlowDroid_aplength5.xml,True,True,17214,1.0,0.7,0.823529412,0.875,0.518518519,0.651162791,DEFAULT,False,5,DEFAULT,DEFAULT,DEFAULT,DEFAULT,False,DEFAULT,DEFAULT,DEFAULT,False,False,False,DEFAULT,False,False,False,False,False,DEFAULT,DEFAULT
6708,1,/home/user/Documents/benchmarks/DroidBench30/benchmark/apks/AndroidSpecific/View1.apk,AndroidSpecific,/home/user/Documents/git/AndroidTAEnvironment/configurations/FlowDroid/1-way/config_FlowDroid_aplength5.xml,True,True,16963,1.0,0.7,0.823529412,0.875,0.518518519,0.651162791,DEFAULT,False,5,DEFAULT,DEFAULT,DEFAULT,DEFAULT,False,DEFAULT,DEFAULT,DEFAULT,False,False,False,DEFAULT,False,False,False,False,False,DEFAULT,DEFAULT
6709,1,/home/user/Documents/benchmarks/DroidBench30/benchmark/apks/AndroidSpecific/DirectLeak1.apk,AndroidSpecific,/home/user/Documents/git/AndroidTAEnvironment/configurations/FlowDroid/1-way/config_FlowDroid_aplength5.xml,True,True,15674,1.0,0.7,0.823529412,0.875,0.518518519,0.651162791,DEFAULT,False,5,DEFAULT,DEFAULT,DEFAULT,DEFAULT,False,DEFAULT,DEFAULT,DEFAULT,False,False,False,DEFAULT,False,False,False,False,False,DEFAULT,DEFAULT
6710,1,/home/user/Documents/benchmarks/DroidBench30/benchmark/apks/AndroidSpecific/Parcel1.apk,AndroidSpecific,/home/user/Documents/git/AndroidTAEnvironment/configurations/FlowDroid/1-way/config_FlowDroid_aplength5.xml,True,False,15291,1.0,0.7,0.823529412,0.875,0.518518519,0.651162791,DEFAULT,False,5,DEFAULT,DEFAULT,DEFAULT,DEFAULT,False,DEFAULT,DEFAULT,DEFAULT,False,False,False,DEFAULT,False,False,False,False,False,DEFAULT,DEFAULT
6711,1,/home/user/Documents/benchmarks/DroidBench30/benchmark/apks/AndroidSpecific/PublicAPIField2.apk,AndroidSpecific,/home/user/Documents/git/AndroidTAEnvironment/configurations/FlowDroid/1-way/config_FlowDroid_aplength5.xml,True,True,14040,1.0,0.7,0.823529412,0.875,0.518518519,0.651162791,DEFAULT,False,5,DEFAULT,DEFAULT,DEFAULT,DEFAULT,False,DEFAULT,DEFAULT,DEFAULT,False,False,False,DEFAULT,False,False,False,False,False,DEFAULT,DEFAULT
6712,1,/home/user/Documents/benchmarks/DroidBench30/benchmark/apks/AndroidSpecific/Library2.apk,AndroidSpecific,/home/user/Documents/git/AndroidTAEnvironment/configurations/FlowDroid/1-way/config_FlowDroid_aplength5.xml,True,True,13701,1.0,0.7,0.823529412,0.875,0.518518519,0.651162791,DEFAULT,False,5,DEFAULT,DEFAULT,DEFAULT,DEFAULT,False,DEFAULT,DEFAULT,DEFAULT,False,False,False,DEFAULT,False,False,False,False,False,DEFAULT,DEFAULT
6713,1,/home/user/Documents/benchmarks/DroidBench30/benchmark/apks/AndroidSpecific/InactiveActivity.apk,AndroidSpecific,/home/user/Documents/git/AndroidTAEnvironment/configurations/FlowDroid/1-way/config_FlowDroid_aplength5.xml,False,True,10625,1.0,0.7,0.823529412,0.875,0.518518519,0.651162791,DEFAULT,False,5,DEFAULT,DEFAULT,DEFAULT,DEFAULT,False,DEFAULT,DEFAULT,DEFAULT,False,False,False,DEFAULT,False,False,False,False,False,DEFAULT,DEFAULT
6714,1,/home/user/Documents/benchmarks/DroidBench30/benchmark/apks/ArraysAndLists/MultidimensionalArray1.apk,ArraysAndLists,/home/user/Documents/git/AndroidTAEnvironment/configurations/FlowDroid/1-way/config_FlowDroid_aplength5.xml,True,True,18049,0.444444444,1.0,0.615384615,0.875,0.518518519,0.651162791,DEFAULT,False,5,DEFAULT,DEFAULT,DEFAULT,DEFAULT,False,DEFAULT,DEFAULT,DEFAULT,False,False,False,DEFAULT,False,False,False,False,False,DEFAULT,DEFAULT
6715,1,/home/user/Documents/benchmarks/DroidBench30/benchmark/apks/ArraysAndLists/ArrayAccess1.apk,ArraysAndLists,/home/user/Documents/git/AndroidTAEnvironment/configurations/FlowDroid/1-way/config_FlowDroid_aplength5.xml,False,False,17736,0.444444444,1.0,0.615384615,0.875,0.518518519,0.651162791,DEFAULT,False,5,DEFAULT,DEFAULT,DEFAULT,DEFAULT,False,DEFAULT,DEFAULT,DEFAULT,False,False,False,DEFAULT,False,False,False,False,False,DEFAULT,DEFAULT
6716,1,/home/user/Documents/benchmarks/DroidBench30/benchmark/apks/ArraysAndLists/ArrayAccess5.apk,ArraysAndLists,/home/user/Documents/git/AndroidTAEnvironment/configurations/FlowDroid/1-way/config_FlowDroid_aplength5.xml,False,False,16960,0.444444444,1.0,0.615384615,0.875,0.518518519,0.651162791,DEFAULT,False,5,DEFAULT,DEFAULT,DEFAULT,DEFAULT,False,DEFAULT,DEFAULT,DEFAULT,False,False,False,DEFAULT,False,False,False,False,False,DEFAULT,DEFAULT
6717,1,/home/user/Documents/benchmarks/DroidBench30/benchmark/apks/ArraysAndLists/ArrayAccess3.apk,ArraysAndLists,/home/user/Documents/git/AndroidTAEnvironment/configurations/FlowDroid/1-way/config_FlowDroid_aplength5.xml,True,True,15119,0.444444444,1.0,0.615384615,0.875,0.518518519,0.651162791,DEFAULT,False,5,DEFAULT,DEFAULT,DEFAULT,DEFAULT,False,DEFAULT,DEFAULT,DEFAULT,False,False,False,DEFAULT,False,False,False,False,False,DEFAULT,DEFAULT
6718,1,/home/user/Documents/benchmarks/DroidBench30/benchmark/apks/ArraysAndLists/ArrayAccess4.apk,ArraysAndLists,/home/user/Documents/git/AndroidTAEnvironment/configurations/FlowDroid/1-way/config_FlowDroid_aplength5.xml,False,True,15104,0.444444444,1.0,0.615384615,0.875,0.518518519,0.651162791,DEFAULT,False,5,DEFAULT,DEFAULT,DEFAULT,DEFAULT,False,DEFAULT,DEFAULT,DEFAULT,False,False,False,DEFAULT,False,False,False,False,False,DEFAULT,DEFAULT
6719,1,/home/user/Documents/benchmarks/DroidBench30/benchmark/apks/ArraysAndLists/HashMapAccess1.apk,ArraysAndLists,/home/user/Documents/git/AndroidTAEnvironment/configurations/FlowDroid/1-way/config_FlowDroid_aplength5.xml,False,False,14935,0.444444444,1.0,0.615384615,0.875,0.518518519,0.651162791,DEFAULT,False,5,DEFAULT,DEFAULT,DEFAULT,DEFAULT,False,DEFAULT,DEFAULT,DEFAULT,False,False,False,DEFAULT,False,False,False,False,False,DEFAULT,DEFAULT
6720,1,/home/user/Documents/benchmarks/DroidBench30/benchmark/apks/ArraysAndLists/ArrayCopy1.apk,ArraysAndLists,/home/user/Documents/git/AndroidTAEnvironment/configurations/FlowDroid/1-way/config_FlowDroid_aplength5.xml,True,True,14576,0.444444444,1.0,0.615384615,0.875,0.518518519,0.651162791,DEFAULT,False,5,DEFAULT,DEFAULT,DEFAULT,DEFAULT,False,DEFAULT,DEFAULT,DEFAULT,False,False,False,DEFAULT,False,False,False,False,False,DEFAULT,DEFAULT
6721,1,/home/user/Documents/benchmarks/DroidBench30/benchmark/apks/ArraysAndLists/ArrayAccess2.apk,ArraysAndLists,/home/user/Documents/git/AndroidTAEnvironment/configurations/FlowDroid/1-way/config_FlowDroid_aplength5.xml,False,False,13683,0.444444444,1.0,0.615384615,0.875,0.518518519,0.651162791,DEFAULT,False,5,DEFAULT,DEFAULT,DEFAULT,DEFAULT,False,DEFAULT,DEFAULT,DEFAULT,False,False,False,DEFAULT,False,False,False,False,False,DEFAULT,DEFAULT
6722,1,/home/user/Documents/benchmarks/DroidBench30/benchmark/apks/ArraysAndLists/ListAccess1.apk,ArraysAndLists,/home/user/Documents/git/AndroidTAEnvironment/configurations/FlowDroid/1-way/config_FlowDroid_aplength5.xml,False,False,13187,0.444444444,1.0,0.615384615,0.875,0.518518519,0.651162791,DEFAULT,False,5,DEFAULT,DEFAULT,DEFAULT,DEFAULT,False,DEFAULT,DEFAULT,DEFAULT,False,False,False,DEFAULT,False,False,False,False,False,DEFAULT,DEFAULT
6723,1,/home/user/Documents/benchmarks/DroidBench30/benchmark/apks/ArraysAndLists/ArrayToString1.apk,ArraysAndLists,/home/user/Documents/git/AndroidTAEnvironment/configurations/FlowDroid/1-way/config_FlowDroid_aplength5.xml,True,True,12804,0.444444444,1.0,0.615384615,0.875,0.518518519,0.651162791,DEFAULT,False,5,DEFAULT,DEFAULT,DEFAULT,DEFAULT,False,DEFAULT,DEFAULT,DEFAULT,False,False,False,DEFAULT,False,False,False,False,False,DEFAULT,DEFAULT
6724,1,/home/user/Documents/benchmarks/DroidBench30/benchmark/apks/Callbacks/Button5.apk,Callbacks,/home/user/Documents/git/AndroidTAEnvironment/configurations/FlowDroid/1-way/config_FlowDroid_aplength5.xml,True,False,23348,0.866666667,0.928571429,0.896551724,0.875,0.518518519,0.651162791,DEFAULT,False,5,DEFAULT,DEFAULT,DEFAULT,DEFAULT,False,DEFAULT,DEFAULT,DEFAULT,False,False,False,DEFAULT,False,False,False,False,False,DEFAULT,DEFAULT
6725,1,/home/user/Documents/benchmarks/DroidBench30/benchmark/apks/Callbacks/Button3.apk,Callbacks,/home/user/Documents/git/AndroidTAEnvironment/configurations/FlowDroid/1-way/config_FlowDroid_aplength5.xml,True,True,21644,0.866666667,0.928571429,0.896551724,0.875,0.518518519,0.651162791,DEFAULT,False,5,DEFAULT,DEFAULT,DEFAULT,DEFAULT,False,DEFAULT,DEFAULT,DEFAULT,False,False,False,DEFAULT,False,False,False,False,False,DEFAULT,DEFAULT
6726,1,/home/user/Documents/benchmarks/DroidBench30/benchmark/apks/Callbacks/RegisterGlobal2.apk,Callbacks,/home/user/Documents/git/AndroidTAEnvironment/configurations/FlowDroid/1-way/config_FlowDroid_aplength5.xml,True,True,21171,0.866666667,0.928571429,0.896551724,0.875,0.518518519,0.651162791,DEFAULT,False,5,DEFAULT,DEFAULT,DEFAULT,DEFAULT,False,DEFAULT,DEFAULT,DEFAULT,False,False,False,DEFAULT,False,False,False,False,False,DEFAULT,DEFAULT
6727,1,/home/user/Documents/benchmarks/DroidBench30/benchmark/apks/Callbacks/RegisterGlobal1.apk,Callbacks,/home/user/Documents/git/AndroidTAEnvironment/configurations/FlowDroid/1-way/config_FlowDroid_aplength5.xml,True,True,19546,0.866666667,0.928571429,0.896551724,0.875,0.518518519,0.651162791,DEFAULT,False,5,DEFAULT,DEFAULT,DEFAULT,DEFAULT,False,DEFAULT,DEFAULT,DEFAULT,False,False,False,DEFAULT,False,False,False,False,False,DEFAULT,DEFAULT
6728,1,/home/user/Documents/benchmarks/DroidBench30/benchmark/apks/Callbacks/Button2.apk,Callbacks,/home/user/Documents/git/AndroidTAEnvironment/configurations/FlowDroid/1-way/config_FlowDroid_aplength5.xml,True,True,19459,0.866666667,0.928571429,0.896551724,0.875,0.518518519,0.651162791,DEFAULT,False,5,DEFAULT,DEFAULT,DEFAULT,DEFAULT,False,DEFAULT,DEFAULT,DEFAULT,False,False,False,DEFAULT,False,False,False,False,False,DEFAULT,DEFAULT
6729,1,/home/user/Documents/benchmarks/DroidBench30/benchmark/apks/Callbacks/MultiHandlers1.apk,Callbacks,/home/user/Documents/git/AndroidTAEnvironment/configurations/FlowDroid/1-way/config_FlowDroid_aplength5.xml,False,True,19304,0.866666667,0.928571429,0.896551724,0.875,0.518518519,0.651162791,DEFAULT,False,5,DEFAULT,DEFAULT,DEFAULT,DEFAULT,False,DEFAULT,DEFAULT,DEFAULT,False,False,False,DEFAULT,False,False,False,False,False,DEFAULT,DEFAULT
6730,1,/home/user/Documents/benchmarks/DroidBench30/benchmark/apks/Callbacks/Button2.apk,Callbacks,/home/user/Documents/git/AndroidTAEnvironment/configurations/FlowDroid/1-way/config_FlowDroid_aplength5.xml,False,False,18603,0.866666667,0.928571429,0.896551724,0.875,0.518518519,0.651162791,DEFAULT,False,5,DEFAULT,DEFAULT,DEFAULT,DEFAULT,False,DEFAULT,DEFAULT,DEFAULT,False,False,False,DEFAULT,False,False,False,False,False,DEFAULT,DEFAULT
6731,1,/home/user/Documents/benchmarks/DroidBench30/benchmark/apks/Callbacks/Button2.apk,Callbacks,/home/user/Documents/git/AndroidTAEnvironment/configurations/FlowDroid/1-way/config_FlowDroid_aplength5.xml,True,True,18570,0.866666667,0.928571429,0.896551724,0.875,0.518518519,0.651162791,DEFAULT,False,5,DEFAULT,DEFAULT,DEFAULT,DEFAULT,False,DEFAULT,DEFAULT,DEFAULT,False,False,False,DEFAULT,False,False,False,False,False,DEFAULT,DEFAULT
6732,1,/home/user/Documents/benchmarks/DroidBench30/benchmark/apks/Callbacks/Button4.apk,Callbacks,/home/user/Documents/git/AndroidTAEnvironment/configurations/FlowDroid/1-way/config_FlowDroid_aplength5.xml,True,True,17935,0.866666667,0.928571429,0.896551724,0.875,0.518518519,0.651162791,DEFAULT,False,5,DEFAULT,DEFAULT,DEFAULT,DEFAULT,False,DEFAULT,DEFAULT,DEFAULT,False,False,False,DEFAULT,False,False,False,False,False,DEFAULT,DEFAULT
6733,1,/home/user/Documents/benchmarks/DroidBench30/benchmark/apks/Callbacks/Unregister1.apk,Callbacks,/home/user/Documents/git/AndroidTAEnvironment/configurations/FlowDroid/1-way/config_FlowDroid_aplength5.xml,False,False,17742,0.866666667,0.928571429,0.896551724,0.875,0.518518519,0.651162791,DEFAULT,False,5,DEFAULT,DEFAULT,DEFAULT,DEFAULT,False,DEFAULT,DEFAULT,DEFAULT,False,False,False,DEFAULT,False,False,False,False,False,DEFAULT,DEFAULT
6734,1,/home/user/Documents/benchmarks/DroidBench30/benchmark/apks/Callbacks/LocationLeak1.apk,Callbacks,/home/user/Documents/git/AndroidTAEnvironment/configurations/FlowDroid/1-way/config_FlowDroid_aplength5.xml,True,True,17546,0.866666667,0.928571429,0.896551724,0.875,0.518518519,0.651162791,DEFAULT,False,5,DEFAULT,DEFAULT,DEFAULT,DEFAULT,False,DEFAULT,DEFAULT,DEFAULT,False,False,False,DEFAULT,False,False,False,False,False,DEFAULT,DEFAULT
6735,1,/home/user/Documents/benchmarks/DroidBench30/benchmark/apks/Callbacks/MethodOverride1.apk,Callbacks,/home/user/Documents/git/AndroidTAEnvironment/configurations/FlowDroid/1-way/config_FlowDroid_aplength5.xml,True,True,16973,0.866666667,0.928571429,0.896551724,0.875,0.518518519,0.651162791,DEFAULT,False,5,DEFAULT,DEFAULT,DEFAULT,DEFAULT,False,DEFAULT,DEFAULT,DEFAULT,False,False,False,DEFAULT,False,False,False,False,False,DEFAULT,DEFAULT
6736,1,/home/user/Documents/benchmarks/DroidBench30/benchmark/apks/Callbacks/MultiHandlers1.apk,Callbacks,/home/user/Documents/git/AndroidTAEnvironment/configurations/FlowDroid/1-way/config_FlowDroid_aplength5.xml,False,True,16791,0.866666667,0.928571429,0.896551724,0.875,0.518518519,0.651162791,DEFAULT,False,5,DEFAULT,DEFAULT,DEFAULT,DEFAULT,False,DEFAULT,DEFAULT,DEFAULT,False,False,False,DEFAULT,False,False,False,False,False,DEFAULT,DEFAULT
6737,1,/home/user/Documents/benchmarks/DroidBench30/benchmark/apks/Callbacks/LocationLeak2.apk,Callbacks,/home/user/Documents/git/AndroidTAEnvironment/configurations/FlowDroid/1-way/config_FlowDroid_aplength5.xml,True,True,16596,0.866666667,0.928571429,0.896551724,0.875,0.518518519,0.651162791,DEFAULT,False,5,DEFAULT,DEFAULT,DEFAULT,DEFAULT,False,DEFAULT,DEFAULT,DEFAULT,False,False,False,DEFAULT,False,False,False,False,False,DEFAULT,DEFAULT
6738,1,/home/user/Documents/benchmarks/DroidBench30/benchmark/apks/Callbacks/LocationLeak3.apk,Callbacks,/home/user/Documents/git/AndroidTAEnvironment/configurations/FlowDroid/1-way/config_FlowDroid_aplength5.xml,True,True,15897,0.866666667,0.928571429,0.896551724,0.875,0.518518519,0.651162791,DEFAULT,False,5,DEFAULT,DEFAULT,DEFAULT,DEFAULT,False,DEFAULT,DEFAULT,DEFAULT,False,False,False,DEFAULT,False,False,False,False,False,DEFAULT,DEFAULT
6739,1,/home/user/Documents/benchmarks/DroidBench30/benchmark/apks/Callbacks/Button2.apk,Callbacks,/home/user/Documents/git/AndroidTAEnvironment/configurations/FlowDroid/1-way/config_FlowDroid_aplength5.xml,True,True,15497,0.866666667,0.928571429,0.896551724,0.875,0.518518519,0.651162791,DEFAULT,False,5,DEFAULT,DEFAULT,DEFAULT,DEFAULT,False,DEFAULT,DEFAULT,DEFAULT,False,False,False,DEFAULT,False,False,False,False,False,DEFAULT,DEFAULT
6740,1,/home/user/Documents/benchmarks/DroidBench30/benchmark/apks/Callbacks/Ordering1.apk,Callbacks,/home/user/Documents/git/AndroidTAEnvironment/configurations/FlowDroid/1-way/config_FlowDroid_aplength5.xml,False,True,15161,0.866666667,0.928571429,0.896551724,0.875,0.518518519,0.651162791,DEFAULT,False,5,DEFAULT,DEFAULT,DEFAULT,DEFAULT,False,DEFAULT,DEFAULT,DEFAULT,False,False,False,DEFAULT,False,False,False,False,False,DEFAULT,DEFAULT
6741,1,/home/user/Documents/benchmarks/DroidBench30/benchmark/apks/Callbacks/AnonymousClass1.apk,Callbacks,/home/user/Documents/git/AndroidTAEnvironment/configurations/FlowDroid/1-way/config_FlowDroid_aplength5.xml,True,True,15140,0.866666667,0.928571429,0.896551724,0.875,0.518518519,0.651162791,DEFAULT,False,5,DEFAULT,DEFAULT,DEFAULT,DEFAULT,False,DEFAULT,DEFAULT,DEFAULT,False,False,False,DEFAULT,False,False,False,False,False,DEFAULT,DEFAULT
6742,1,/home/user/Documents/benchmarks/DroidBench30/benchmark/apks/Callbacks/Button1.apk,Callbacks,/home/user/Documents/git/AndroidTAEnvironment/configurations/FlowDroid/1-way/config_FlowDroid_aplength5.xml,True,True,13715,0.866666667,0.928571429,0.896551724,0.875,0.518518519,0.651162791,DEFAULT,False,5,DEFAULT,DEFAULT,DEFAULT,DEFAULT,False,DEFAULT,DEFAULT,DEFAULT,False,False,False,DEFAULT,False,False,False,False,False,DEFAULT,DEFAULT
6743,1,/home/user/Documents/benchmarks/DroidBench30/benchmark/apks/DynamicLoading/DynamicSink1.apk,DynamicLoading,/home/user/Documents/git/AndroidTAEnvironment/configurations/FlowDroid/1-way/config_FlowDroid_aplength5.xml,True,False,14059,0.0,0.0,0.0,0.875,0.518518519,0.651162791,DEFAULT,False,5,DEFAULT,DEFAULT,DEFAULT,DEFAULT,False,DEFAULT,DEFAULT,DEFAULT,False,False,False,DEFAULT,False,False,False,False,False,DEFAULT,DEFAULT
6744,1,/home/user/Documents/benchmarks/DroidBench30/benchmark/apks/DynamicLoading/DynamicSource1.apk,DynamicLoading,/home/user/Documents/git/AndroidTAEnvironment/configurations/FlowDroid/1-way/config_FlowDroid_aplength5.xml,True,False,11824,0.0,0.0,0.0,0.875,0.518518519,0.651162791,DEFAULT,False,5,DEFAULT,DEFAULT,DEFAULT,DEFAULT,False,DEFAULT,DEFAULT,DEFAULT,False,False,False,DEFAULT,False,False,False,False,False,DEFAULT,DEFAULT
6745,1,/home/user/Documents/benchmarks/DroidBench30/benchmark/apks/DynamicLoading/DynamicBoth1.apk,DynamicLoading,/home/user/Documents/git/AndroidTAEnvironment/configurations/FlowDroid/1-way/config_FlowDroid_aplength5.xml,True,False,9975,0.0,0.0,0.0,0.875,0.518518519,0.651162791,DEFAULT,False,5,DEFAULT,DEFAULT,DEFAULT,DEFAULT,False,DEFAULT,DEFAULT,DEFAULT,False,False,False,DEFAULT,False,False,False,False,False,DEFAULT,DEFAULT
6746,1,/home/user/Documents/benchmarks/DroidBench30/benchmark/apks/EmulatorDetection/PlayStore2.apk,EmulatorDetection,/home/user/Documents/git/AndroidTAEnvironment/configurations/FlowDroid/1-way/config_FlowDroid_aplength5.xml,True,True,30639,1.0,0.933333333,0.965517241,0.875,0.518518519,0.651162791,DEFAULT,False,5,DEFAULT,DEFAULT,DEFAULT,DEFAULT,False,DEFAULT,DEFAULT,DEFAULT,False,False,False,DEFAULT,False,False,False,False,False,DEFAULT,DEFAULT
6747,1,/home/user/Documents/benchmarks/DroidBench30/benchmark/apks/EmulatorDetection/Contacts1.apk,EmulatorDetection,/home/user/Documents/git/AndroidTAEnvironment/configurations/FlowDroid/1-way/config_FlowDroid_aplength5.xml,True,True,23406,1.0,0.933333333,0.965517241,0.875,0.518518519,0.651162791,DEFAULT,False,5,DEFAULT,DEFAULT,DEFAULT,DEFAULT,False,DEFAULT,DEFAULT,DEFAULT,False,False,False,DEFAULT,False,False,False,False,False,DEFAULT,DEFAULT
6748,1,/home/user/Documents/benchmarks/DroidBench30/benchmark/apks/EmulatorDetection/Battery1.apk,EmulatorDetection,/home/user/Documents/git/AndroidTAEnvironment/configurations/FlowDroid/1-way/config_FlowDroid_aplength5.xml,True,True,21925,1.0,0.933333333,0.965517241,0.875,0.518518519,0.651162791,DEFAULT,False,5,DEFAULT,DEFAULT,DEFAULT,DEFAULT,False,DEFAULT,DEFAULT,DEFAULT,False,False,False,DEFAULT,False,False,False,False,False,DEFAULT,DEFAULT
6749,1,/home/user/Documents/benchmarks/DroidBench30/benchmark/apks/EmulatorDetection/PlayStore1.apk,EmulatorDetection,/home/user/Documents/git/AndroidTAEnvironment/configurations/FlowDroid/1-way/config_FlowDroid_aplength5.xml,True,True,20671,1.0,0.933333333,0.965517241,0.875,0.518518519,0.651162791,DEFAULT,False,5,DEFAULT,DEFAULT,DEFAULT,DEFAULT,False,DEFAULT,DEFAULT,DEFAULT,False,False,False,DEFAULT,False,False,False,False,False,DEFAULT,DEFAULT
6750,1,/home/user/Documents/benchmarks/DroidBench30/benchmark/apks/EmulatorDetection/Build1.apk,EmulatorDetection,/home/user/Documents/git/AndroidTAEnvironment/configurations/FlowDroid/1-way/config_FlowDroid_aplength5.xml,True,True,19811,1.0,0.933333333,0.965517241,0.875,0.518518519,0.651162791,DEFAULT,False,5,DEFAULT,DEFAULT,DEFAULT,DEFAULT,False,DEFAULT,DEFAULT,DEFAULT,False,False,False,DEFAULT,False,False,False,False,False,DEFAULT,DEFAULT
6751,1,/home/user/Documents/benchmarks/DroidBench30/benchmark/apks/EmulatorDetection/Sensors1.apk,EmulatorDetection,/home/user/Documents/git/AndroidTAEnvironment/configurations/FlowDroid/1-way/config_FlowDroid_aplength5.xml,True,True,19176,1.0,0.933333333,0.965517241,0.875,0.518518519,0.651162791,DEFAULT,False,5,DEFAULT,DEFAULT,DEFAULT,DEFAULT,False,DEFAULT,DEFAULT,DEFAULT,False,False,False,DEFAULT,False,False,False,False,False,DEFAULT,DEFAULT
6752,1,/home/user/Documents/benchmarks/DroidBench30/benchmark/apks/EmulatorDetection/Bluetooth1.apk,EmulatorDetection,/home/user/Documents/git/AndroidTAEnvironment/configurations/FlowDroid/1-way/config_FlowDroid_aplength5.xml,True,True,18485,1.0,0.933333333,0.965517241,0.875,0.518518519,0.651162791,DEFAULT,False,5,DEFAULT,DEFAULT,DEFAULT,DEFAULT,False,DEFAULT,DEFAULT,DEFAULT,False,False,False,DEFAULT,False,False,False,False,False,DEFAULT,DEFAULT
6753,1,/home/user/Documents/benchmarks/DroidBench30/benchmark/apks/EmulatorDetection/SubscriberId1.apk,EmulatorDetection,/home/user/Documents/git/AndroidTAEnvironment/configurations/FlowDroid/1-way/config_FlowDroid_aplength5.xml,True,True,17960,1.0,0.933333333,0.965517241,0.875,0.518518519,0.651162791,DEFAULT,False,5,DEFAULT,DEFAULT,DEFAULT,DEFAULT,False,DEFAULT,DEFAULT,DEFAULT,False,False,False,DEFAULT,False,False,False,False,False,DEFAULT,DEFAULT
6754,1,/home/user/Documents/benchmarks/DroidBench30/benchmark/apks/EmulatorDetection/IMEI1.apk,EmulatorDetection,/home/user/Documents/git/AndroidTAEnvironment/configurations/FlowDroid/1-way/config_FlowDroid_aplength5.xml,True,False,17788,1.0,0.933333333,0.965517241,0.875,0.518518519,0.651162791,DEFAULT,False,5,DEFAULT,DEFAULT,DEFAULT,DEFAULT,False,DEFAULT,DEFAULT,DEFAULT,False,False,False,DEFAULT,False,False,False,False,False,DEFAULT,DEFAULT
6755,1,/home/user/Documents/benchmarks/DroidBench30/benchmark/apks/EmulatorDetection/File1.apk,EmulatorDetection,/home/user/Documents/git/AndroidTAEnvironment/configurations/FlowDroid/1-way/config_FlowDroid_aplength5.xml,True,True,17225,1.0,0.933333333,0.965517241,0.875,0.518518519,0.651162791,DEFAULT,False,5,DEFAULT,DEFAULT,DEFAULT,DEFAULT,False,DEFAULT,DEFAULT,DEFAULT,False,False,False,DEFAULT,False,False,False,False,False,DEFAULT,DEFAULT
6756,1,/home/user/Documents/benchmarks/DroidBench30/benchmark/apks/EmulatorDetection/VoiceMail1.apk,EmulatorDetection,/home/user/Documents/git/AndroidTAEnvironment/configurations/FlowDroid/1-way/config_FlowDroid_aplength5.xml,True,True,16668,1.0,0.933333333,0.965517241,0.875,0.518518519,0.651162791,DEFAULT,False,5,DEFAULT,DEFAULT,DEFAULT,DEFAULT,False,DEFAULT,DEFAULT,DEFAULT,False,False,False,DEFAULT,False,False,False,False,False,DEFAULT,DEFAULT
6757,1,/home/user/Documents/benchmarks/DroidBench30/benchmark/apks/EmulatorDetection/PI1.apk,EmulatorDetection,/home/user/Documents/git/AndroidTAEnvironment/configurations/FlowDroid/1-way/config_FlowDroid_aplength5.xml,True,True,16461,1.0,0.933333333,0.965517241,0.875,0.518518519,0.651162791,DEFAULT,False,5,DEFAULT,DEFAULT,DEFAULT,DEFAULT,False,DEFAULT,DEFAULT,DEFAULT,False,False,False,DEFAULT,False,False,False,False,False,DEFAULT,DEFAULT
6758,1,/home/user/Documents/benchmarks/DroidBench30/benchmark/apks/EmulatorDetection/IP1.apk,EmulatorDetection,/home/user/Documents/git/AndroidTAEnvironment/configurations/FlowDroid/1-way/config_FlowDroid_aplength5.xml,True,True,15700,1.0,0.933333333,0.965517241,0.875,0.518518519,0.651162791,DEFAULT,False,5,DEFAULT,DEFAULT,DEFAULT,DEFAULT,False,DEFAULT,DEFAULT,DEFAULT,False,False,False,DEFAULT,False,False,False,False,False,DEFAULT,DEFAULT
6759,1,/home/user/Documents/benchmarks/DroidBench30/benchmark/apks/EmulatorDetection/DeviceId1.apk,EmulatorDetection,/home/user/Documents/git/AndroidTAEnvironment/configurations/FlowDroid/1-way/config_FlowDroid_aplength5.xml,True,True,15565,1.0,0.933333333,0.965517241,0.875,0.518518519,0.651162791,DEFAULT,False,5,DEFAULT,DEFAULT,DEFAULT,DEFAULT,False,DEFAULT,DEFAULT,DEFAULT,False,False,False,DEFAULT,False,False,False,False,False,DEFAULT,DEFAULT
6760,1,/home/user/Documents/benchmarks/DroidBench30/benchmark/apks/EmulatorDetection/ContentProvider1.apk,EmulatorDetection,/home/user/Documents/git/AndroidTAEnvironment/configurations/FlowDroid/1-way/config_FlowDroid_aplength5.xml,True,True,14755,1.0,0.933333333,0.965517241,0.875,0.518518519,0.651162791,DEFAULT,False,5,DEFAULT,DEFAULT,DEFAULT,DEFAULT,False,DEFAULT,DEFAULT,DEFAULT,False,False,False,DEFAULT,False,False,False,False,False,DEFAULT,DEFAULT
6761,1,/home/user/Documents/benchmarks/DroidBench30/benchmark/apks/FieldAndObjectSensitivity/FieldSensitivity1.apk,FieldAndObjectSensitivity,/home/user/Documents/git/AndroidTAEnvironment/configurations/FlowDroid/1-way/config_FlowDroid_aplength5.xml,False,True,19338,1.0,1.0,1.0,0.875,0.518518519,0.651162791,DEFAULT,False,5,DEFAULT,DEFAULT,DEFAULT,DEFAULT,False,DEFAULT,DEFAULT,DEFAULT,False,False,False,DEFAULT,False,False,False,False,False,DEFAULT,DEFAULT
6762,1,/home/user/Documents/benchmarks/DroidBench30/benchmark/apks/FieldAndObjectSensitivity/ObjectSensitivity1.apk,FieldAndObjectSensitivity,/home/user/Documents/git/AndroidTAEnvironment/configurations/FlowDroid/1-way/config_FlowDroid_aplength5.xml,False,True,18202,1.0,1.0,1.0,0.875,0.518518519,0.651162791,DEFAULT,False,5,DEFAULT,DEFAULT,DEFAULT,DEFAULT,False,DEFAULT,DEFAULT,DEFAULT,False,False,False,DEFAULT,False,False,False,False,False,DEFAULT,DEFAULT
6763,1,/home/user/Documents/benchmarks/DroidBench30/benchmark/apks/FieldAndObjectSensitivity/InheritedObjects1.apk,FieldAndObjectSensitivity,/home/user/Documents/git/AndroidTAEnvironment/configurations/FlowDroid/1-way/config_FlowDroid_aplength5.xml,True,True,17382,1.0,1.0,1.0,0.875,0.518518519,0.651162791,DEFAULT,False,5,DEFAULT,DEFAULT,DEFAULT,DEFAULT,False,DEFAULT,DEFAULT,DEFAULT,False,False,False,DEFAULT,False,False,False,False,False,DEFAULT,DEFAULT
6764,1,/home/user/Documents/benchmarks/DroidBench30/benchmark/apks/FieldAndObjectSensitivity/ObjectSensitivity2.apk,FieldAndObjectSensitivity,/home/user/Documents/git/AndroidTAEnvironment/configurations/FlowDroid/1-way/config_FlowDroid_aplength5.xml,False,True,16615,1.0,1.0,1.0,0.875,0.518518519,0.651162791,DEFAULT,False,5,DEFAULT,DEFAULT,DEFAULT,DEFAULT,False,DEFAULT,DEFAULT,DEFAULT,False,False,False,DEFAULT,False,False,False,False,False,DEFAULT,DEFAULT
6765,1,/home/user/Documents/benchmarks/DroidBench30/benchmark/apks/FieldAndObjectSensitivity/FieldSensitivity3.apk,FieldAndObjectSensitivity,/home/user/Documents/git/AndroidTAEnvironment/configurations/FlowDroid/1-way/config_FlowDroid_aplength5.xml,True,True,16333,1.0,1.0,1.0,0.875,0.518518519,0.651162791,DEFAULT,False,5,DEFAULT,DEFAULT,DEFAULT,DEFAULT,False,DEFAULT,DEFAULT,DEFAULT,False,False,False,DEFAULT,False,False,False,False,False,DEFAULT,DEFAULT
6766,1,/home/user/Documents/benchmarks/DroidBench30/benchmark/apks/FieldAndObjectSensitivity/FieldSensitivity2.apk,FieldAndObjectSensitivity,/home/user/Documents/git/AndroidTAEnvironment/configurations/FlowDroid/1-way/config_FlowDroid_aplength5.xml,False,True,15643,1.0,1.0,1.0,0.875,0.518518519,0.651162791,DEFAULT,False,5,DEFAULT,DEFAULT,DEFAULT,DEFAULT,False,DEFAULT,DEFAULT,DEFAULT,False,False,False,DEFAULT,False,False,False,False,False,DEFAULT,DEFAULT
6767,1,/home/user/Documents/benchmarks/DroidBench30/benchmark/apks/FieldAndObjectSensitivity/FieldSensitivity4.apk,FieldAndObjectSensitivity,/home/user/Documents/git/AndroidTAEnvironment/configurations/FlowDroid/1-way/config_FlowDroid_aplength5.xml,False,True,14276,1.0,1.0,1.0,0.875,0.518518519,0.651162791,DEFAULT,False,5,DEFAULT,DEFAULT,DEFAULT,DEFAULT,False,DEFAULT,DEFAULT,DEFAULT,False,False,False,DEFAULT,False,False,False,False,False,DEFAULT,DEFAULT
6768,1,/home/user/Documents/benchmarks/DroidBench30/benchmark/apks/GeneralJava/VirtualDispatch1.apk,GeneralJava,/home/user/Documents/git/AndroidTAEnvironment/configurations/FlowDroid/1-way/config_FlowDroid_aplength5.xml,False,False,19237,0.764705882,0.619047619,0.684210526,0.875,0.518518519,0.651162791,DEFAULT,False,5,DEFAULT,DEFAULT,DEFAULT,DEFAULT,False,DEFAULT,DEFAULT,DEFAULT,False,False,False,DEFAULT,False,False,False,False,False,DEFAULT,DEFAULT
6769,1,/home/user/Documents/benchmarks/DroidBench30/benchmark/apks/GeneralJava/SourceCodeSpecific1.apk,GeneralJava,/home/user/Documents/git/AndroidTAEnvironment/configurations/FlowDroid/1-way/config_FlowDroid_aplength5.xml,True,True,16982,0.764705882,0.619047619,0.684210526,0.875,0.518518519,0.651162791,DEFAULT,False,5,DEFAULT,DEFAULT,DEFAULT,DEFAULT,False,DEFAULT,DEFAULT,DEFAULT,False,False,False,DEFAULT,False,False,False,False,False,DEFAULT,DEFAULT
6770,1,/home/user/Documents/benchmarks/DroidBench30/benchmark/apks/GeneralJava/Serialization1.apk,GeneralJava,/home/user/Documents/git/AndroidTAEnvironment/configurations/FlowDroid/1-way/config_FlowDroid_aplength5.xml,True,False,16788,0.764705882,0.619047619,0.684210526,0.875,0.518518519,0.651162791,DEFAULT,False,5,DEFAULT,DEFAULT,DEFAULT,DEFAULT,False,DEFAULT,DEFAULT,DEFAULT,False,False,False,DEFAULT,False,False,False,False,False,DEFAULT,DEFAULT
6771,1,/home/user/Documents/benchmarks/DroidBench30/benchmark/apks/GeneralJava/StaticInitialization1.apk,GeneralJava,/home/user/Documents/git/AndroidTAEnvironment/configurations/FlowDroid/1-way/config_FlowDroid_aplength5.xml,True,False,16588,0.764705882,0.619047619,0.684210526,0.875,0.518518519,0.651162791,DEFAULT,False,5,DEFAULT,DEFAULT,DEFAULT,DEFAULT,False,DEFAULT,DEFAULT,DEFAULT,False,False,False,DEFAULT,False,False,False,False,False,DEFAULT,DEFAULT
6772,1,/home/user/Documents/benchmarks/DroidBench30/benchmark/apks/GeneralJava/Loop2.apk,GeneralJava,/home/user/Documents/git/AndroidTAEnvironment/configurations/FlowDroid/1-way/config_FlowDroid_aplength5.xml,True,True,16507,0.764705882,0.619047619,0.684210526,0.875,0.518518519,0.651162791,DEFAULT,False,5,DEFAULT,DEFAULT,DEFAULT,DEFAULT,False,DEFAULT,DEFAULT,DEFAULT,False,False,False,DEFAULT,False,False,False,False,False,DEFAULT,DEFAULT
6773,1,/home/user/Documents/benchmarks/DroidBench30/benchmark/apks/GeneralJava/FactoryMethods1.apk,GeneralJava,/home/user/Documents/git/AndroidTAEnvironment/configurations/FlowDroid/1-way/config_FlowDroid_aplength5.xml,True,True,16429,0.764705882,0.619047619,0.684210526,0.875,0.518518519,0.651162791,DEFAULT,False,5,DEFAULT,DEFAULT,DEFAULT,DEFAULT,False,DEFAULT,DEFAULT,DEFAULT,False,False,False,DEFAULT,False,False,False,False,False,DEFAULT,DEFAULT
6774,1,/home/user/Documents/benchmarks/DroidBench30/benchmark/apks/GeneralJava/Clone1.apk,GeneralJava,/home/user/Documents/git/AndroidTAEnvironment/configurations/FlowDroid/1-way/config_FlowDroid_aplength5.xml,True,False,16238,0.764705882,0.619047619,0.684210526,0.875,0.518518519,0.651162791,DEFAULT,False,5,DEFAULT,DEFAULT,DEFAULT,DEFAULT,False,DEFAULT,DEFAULT,DEFAULT,False,False,False,DEFAULT,False,False,False,False,False,DEFAULT,DEFAULT
6775,1,/home/user/Documents/benchmarks/DroidBench30/benchmark/apks/GeneralJava/StaticInitialization2.apk,GeneralJava,/home/user/Documents/git/AndroidTAEnvironment/configurations/FlowDroid/1-way/config_FlowDroid_aplength5.xml,True,True,15842,0.764705882,0.619047619,0.684210526,0.875,0.518518519,0.651162791,DEFAULT,False,5,DEFAULT,DEFAULT,DEFAULT,DEFAULT,False,DEFAULT,DEFAULT,DEFAULT,False,False,False,DEFAULT,False,False,False,False,False,DEFAULT,DEFAULT
6776,1,/home/user/Documents/benchmarks/DroidBench30/benchmark/apks/GeneralJava/Exceptions7.apk,GeneralJava,/home/user/Documents/git/AndroidTAEnvironment/configurations/FlowDroid/1-way/config_FlowDroid_aplength5.xml,False,True,15604,0.764705882,0.619047619,0.684210526,0.875,0.518518519,0.651162791,DEFAULT,False,5,DEFAULT,DEFAULT,DEFAULT,DEFAULT,False,DEFAULT,DEFAULT,DEFAULT,False,False,False,DEFAULT,False,False,False,False,False,DEFAULT,DEFAULT
6777,1,/home/user/Documents/benchmarks/DroidBench30/benchmark/apks/GeneralJava/VirtualDispatch1.apk,GeneralJava,/home/user/Documents/git/AndroidTAEnvironment/configurations/FlowDroid/1-way/config_FlowDroid_aplength5.xml,True,True,15489,0.764705882,0.619047619,0.684210526,0.875,0.518518519,0.651162791,DEFAULT,False,5,DEFAULT,DEFAULT,DEFAULT,DEFAULT,False,DEFAULT,DEFAULT,DEFAULT,False,False,False,DEFAULT,False,False,False,False,False,DEFAULT,DEFAULT
6778,1,/home/user/Documents/benchmarks/DroidBench30/benchmark/apks/GeneralJava/Exceptions6.apk,GeneralJava,/home/user/Documents/git/AndroidTAEnvironment/configurations/FlowDroid/1-way/config_FlowDroid_aplength5.xml,True,True,15328,0.764705882,0.619047619,0.684210526,0.875,0.518518519,0.651162791,DEFAULT,False,5,DEFAULT,DEFAULT,DEFAULT,DEFAULT,False,DEFAULT,DEFAULT,DEFAULT,False,False,False,DEFAULT,False,False,False,False,False,DEFAULT,DEFAULT
6779,1,/home/user/Documents/benchmarks/DroidBench30/benchmark/apks/GeneralJava/VirtualDispatch3.apk,GeneralJava,/home/user/Documents/git/AndroidTAEnvironment/configurations/FlowDroid/1-way/config_FlowDroid_aplength5.xml,False,False,15302,0.764705882,0.619047619,0.684210526,0.875,0.518518519,0.651162791,DEFAULT,False,5,DEFAULT,DEFAULT,DEFAULT,DEFAULT,False,DEFAULT,DEFAULT,DEFAULT,False,False,False,DEFAULT,False,False,False,False,False,DEFAULT,DEFAULT
6780,1,/home/user/Documents/benchmarks/DroidBench30/benchmark/apks/GeneralJava/StringToOutputStream1.apk,GeneralJava,/home/user/Documents/git/AndroidTAEnvironment/configurations/FlowDroid/1-way/config_FlowDroid_aplength5.xml,True,True,14939,0.764705882,0.619047619,0.684210526,0.875,0.518518519,0.651162791,DEFAULT,False,5,DEFAULT,DEFAULT,DEFAULT,DEFAULT,False,DEFAULT,DEFAULT,DEFAULT,False,False,False,DEFAULT,False,False,False,False,False,DEFAULT,DEFAULT
6781,1,/home/user/Documents/benchmarks/DroidBench30/benchmark/apks/GeneralJava/Exceptions4.apk,GeneralJava,/home/user/Documents/git/AndroidTAEnvironment/configurations/FlowDroid/1-way/config_FlowDroid_aplength5.xml,True,False,14406,0.764705882,0.619047619,0.684210526,0.875,0.518518519,0.651162791,DEFAULT,False,5,DEFAULT,DEFAULT,DEFAULT,DEFAULT,False,DEFAULT,DEFAULT,DEFAULT,False,False,False,DEFAULT,False,False,False,False,False,DEFAULT,DEFAULT
6782,1,/home/user/Documents/benchmarks/DroidBench30/benchmark/apks/GeneralJava/Exceptions1.apk,GeneralJava,/home/user/Documents/git/AndroidTAEnvironment/configurations/FlowDroid/1-way/config_FlowDroid_aplength5.xml,True,True,14042,0.764705882,0.619047619,0.684210526,0.875,0.518518519,0.651162791,DEFAULT,False,5,DEFAULT,DEFAULT,DEFAULT,DEFAULT,False,DEFAULT,DEFAULT,DEFAULT,False,False,False,DEFAULT,False,False,False,False,False,DEFAULT,DEFAULT
6783,1,/home/user/Documents/benchmarks/DroidBench30/benchmark/apks/GeneralJava/Exceptions3.apk,GeneralJava,/home/user/Documents/git/AndroidTAEnvironment/configurations/FlowDroid/1-way/config_FlowDroid_aplength5.xml,False,False,13716,0.764705882,0.619047619,0.684210526,0.875,0.518518519,0.651162791,DEFAULT,False,5,DEFAULT,DEFAULT,DEFAULT,DEFAULT,False,DEFAULT,DEFAULT,DEFAULT,False,False,False,DEFAULT,False,False,False,False,False,DEFAULT,DEFAULT
6784,1,/home/user/Documents/benchmarks/DroidBench30/benchmark/apks/GeneralJava/VirtualDispatch4.apk,GeneralJava,/home/user/Documents/git/AndroidTAEnvironment/configurations/FlowDroid/1-way/config_FlowDroid_aplength5.xml,False,True,13528,0.764705882,0.619047619,0.684210526,0.875,0.518518519,0.651162791,DEFAULT,False,5,DEFAULT,DEFAULT,DEFAULT,DEFAULT,False,DEFAULT,DEFAULT,DEFAULT,False,False,False,DEFAULT,False,False,False,False,False,DEFAULT,DEFAULT
6785,1,/home/user/Documents/benchmarks/DroidBench30/benchmark/apks/GeneralJava/StaticInitialization3.apk,GeneralJava,/home/user/Documents/git/AndroidTAEnvironment/configurations/FlowDroid/1-way/config_FlowDroid_aplength5.xml,True,False,13389,0.764705882,0.619047619,0.684210526,0.875,0.518518519,0.651162791,DEFAULT,False,5,DEFAULT,DEFAULT,DEFAULT,DEFAULT,False,DEFAULT,DEFAULT,DEFAULT,False,False,False,DEFAULT,False,False,False,False,False,DEFAULT,DEFAULT
6786,1,/home/user/Documents/benchmarks/DroidBench30/benchmark/apks/GeneralJava/StartProcessWithSecret1.apk,GeneralJava,/home/user/Documents/git/AndroidTAEnvironment/configurations/FlowDroid/1-way/config_FlowDroid_aplength5.xml,True,False,13026,0.764705882,0.619047619,0.684210526,0.875,0.518518519,0.651162791,DEFAULT,False,5,DEFAULT,DEFAULT,DEFAULT,DEFAULT,False,DEFAULT,DEFAULT,DEFAULT,False,False,False,DEFAULT,False,False,False,False,False,DEFAULT,DEFAULT
6787,1,/home/user/Documents/benchmarks/DroidBench30/benchmark/apks/GeneralJava/StringPatternMatching1.apk,GeneralJava,/home/user/Documents/git/AndroidTAEnvironment/configurations/FlowDroid/1-way/config_FlowDroid_aplength5.xml,True,True,13005,0.764705882,0.619047619,0.684210526,0.875,0.518518519,0.651162791,DEFAULT,False,5,DEFAULT,DEFAULT,DEFAULT,DEFAULT,False,DEFAULT,DEFAULT,DEFAULT,False,False,False,DEFAULT,False,False,False,False,False,DEFAULT,DEFAULT
6788,1,/home/user/Documents/benchmarks/DroidBench30/benchmark/apks/GeneralJava/VirtualDispatch2.apk,GeneralJava,/home/user/Documents/git/AndroidTAEnvironment/configurations/FlowDroid/1-way/config_FlowDroid_aplength5.xml,True,True,12864,0.764705882,0.619047619,0.684210526,0.875,0.518518519,0.651162791,DEFAULT,False,5,DEFAULT,DEFAULT,DEFAULT,DEFAULT,False,DEFAULT,DEFAULT,DEFAULT,False,False,False,DEFAULT,False,False,False,False,False,DEFAULT,DEFAULT
6789,1,/home/user/Documents/benchmarks/DroidBench30/benchmark/apks/GeneralJava/StringToCharArray1.apk,GeneralJava,/home/user/Documents/git/AndroidTAEnvironment/configurations/FlowDroid/1-way/config_FlowDroid_aplength5.xml,True,True,12502,0.764705882,0.619047619,0.684210526,0.875,0.518518519,0.651162791,DEFAULT,False,5,DEFAULT,DEFAULT,DEFAULT,DEFAULT,False,DEFAULT,DEFAULT,DEFAULT,False,False,False,DEFAULT,False,False,False,False,False,DEFAULT,DEFAULT
6790,1,/home/user/Documents/benchmarks/DroidBench30/benchmark/apks/GeneralJava/Loop1.apk,GeneralJava,/home/user/Documents/git/AndroidTAEnvironment/configurations/FlowDroid/1-way/config_FlowDroid_aplength5.xml,True,True,12376,0.764705882,0.619047619,0.684210526,0.875,0.518518519,0.651162791,DEFAULT,False,5,DEFAULT,DEFAULT,DEFAULT,DEFAULT,False,DEFAULT,DEFAULT,DEFAULT,False,False,False,DEFAULT,False,False,False,False,False,DEFAULT,DEFAULT
6791,1,/home/user/Documents/benchmarks/DroidBench30/benchmark/apks/GeneralJava/StringFormatter1.apk,GeneralJava,/home/user/Documents/git/AndroidTAEnvironment/configurations/FlowDroid/1-way/config_FlowDroid_aplength5.xml,True,False,12345,0.764705882,0.619047619,0.684210526,0.875,0.518518519,0.651162791,DEFAULT,False,5,DEFAULT,DEFAULT,DEFAULT,DEFAULT,False,DEFAULT,DEFAULT,DEFAULT,False,False,False,DEFAULT,False,False,False,False,False,DEFAULT,DEFAULT
6792,1,/home/user/Documents/benchmarks/DroidBench30/benchmark/apks/GeneralJava/VirtualDispatch2.apk,GeneralJava,/home/user/Documents/git/AndroidTAEnvironment/configurations/FlowDroid/1-way/config_FlowDroid_aplength5.xml,False,False,12038,0.764705882,0.619047619,0.684210526,0.875,0.518518519,0.651162791,DEFAULT,False,5,DEFAULT,DEFAULT,DEFAULT,DEFAULT,False,DEFAULT,DEFAULT,DEFAULT,False,False,False,DEFAULT,False,False,False,False,False,DEFAULT,DEFAULT
6793,1,/home/user/Documents/benchmarks/DroidBench30/benchmark/apks/GeneralJava/Exceptions5.apk,GeneralJava,/home/user/Documents/git/AndroidTAEnvironment/configurations/FlowDroid/1-way/config_FlowDroid_aplength5.xml,True,False,11694,0.764705882,0.619047619,0.684210526,0.875,0.518518519,0.651162791,DEFAULT,False,5,DEFAULT,DEFAULT,DEFAULT,DEFAULT,False,DEFAULT,DEFAULT,DEFAULT,False,False,False,DEFAULT,False,False,False,False,False,DEFAULT,DEFAULT
6794,1,/home/user/Documents/benchmarks/DroidBench30/benchmark/apks/GeneralJava/Exceptions2.apk,GeneralJava,/home/user/Documents/git/AndroidTAEnvironment/configurations/FlowDroid/1-way/config_FlowDroid_aplength5.xml,True,True,11440,0.764705882,0.619047619,0.684210526,0.875,0.518518519,0.651162791,DEFAULT,False,5,DEFAULT,DEFAULT,DEFAULT,DEFAULT,False,DEFAULT,DEFAULT,DEFAULT,False,False,False,DEFAULT,False,False,False,False,False,DEFAULT,DEFAULT
6795,1,/home/user/Documents/benchmarks/DroidBench30/benchmark/apks/GeneralJava/UnreachableCode.apk,GeneralJava,/home/user/Documents/git/AndroidTAEnvironment/configurations/FlowDroid/1-way/config_FlowDroid_aplength5.xml,False,True,10438,0.764705882,0.619047619,0.684210526,0.875,0.518518519,0.651162791,DEFAULT,False,5,DEFAULT,DEFAULT,DEFAULT,DEFAULT,False,DEFAULT,DEFAULT,DEFAULT,False,False,False,DEFAULT,False,False,False,False,False,DEFAULT,DEFAULT
6796,1,/home/user/Documents/benchmarks/DroidBench30/benchmark/apks/ImplicitFlows/ImplicitFlow1.apk,ImplicitFlows,/home/user/Documents/git/AndroidTAEnvironment/configurations/FlowDroid/1-way/config_FlowDroid_aplength5.xml,True,True,15168,1.0,1.0,1.0,0.875,0.518518519,0.651162791,DEFAULT,False,5,DEFAULT,DEFAULT,DEFAULT,DEFAULT,False,DEFAULT,DEFAULT,DEFAULT,False,False,False,DEFAULT,False,False,False,False,False,DEFAULT,DEFAULT
6797,1,/home/user/Documents/benchmarks/DroidBench30/benchmark/apks/ImplicitFlows/ImplicitFlow6.apk,ImplicitFlows,/home/user/Documents/git/AndroidTAEnvironment/configurations/FlowDroid/1-way/config_FlowDroid_aplength5.xml,False,True,12025,1.0,1.0,1.0,0.875,0.518518519,0.651162791,DEFAULT,False,5,DEFAULT,DEFAULT,DEFAULT,DEFAULT,False,DEFAULT,DEFAULT,DEFAULT,False,False,False,DEFAULT,False,False,False,False,False,DEFAULT,DEFAULT
6798,1,/home/user/Documents/benchmarks/DroidBench30/benchmark/apks/InterAppCommunication/Collector/Collector.apk /home/user/Documents/benchmarks/DroidBench30/benchmark/apks/InterAppCommunication/Device_Id_leakage/DeviceId_Service1.apk' | 'COMBINE,InterAppCommunication,/home/user/Documents/git/AndroidTAEnvironment/configurations/FlowDroid/1-way/config_FlowDroid_aplength5.xml,True,False,14726,0.0,0.0,0.0,0.875,0.518518519,0.651162791,DEFAULT,False,5,DEFAULT,DEFAULT,DEFAULT,DEFAULT,False,DEFAULT,DEFAULT,DEFAULT,False,False,False,DEFAULT,False,False,False,False,False,DEFAULT,DEFAULT
6799,1,/home/user/Documents/benchmarks/DroidBench30/benchmark/apks/InterAppCommunication/Collector/Collector.apk /home/user/Documents/benchmarks/DroidBench30/benchmark/apks/InterAppCommunication/Device_Id_leakage/DeviceId_contentProvider1.apk' | 'COMBINE,InterAppCommunication,/home/user/Documents/git/AndroidTAEnvironment/configurations/FlowDroid/1-way/config_FlowDroid_aplength5.xml,True,False,12842,0.0,0.0,0.0,0.875,0.518518519,0.651162791,DEFAULT,False,5,DEFAULT,DEFAULT,DEFAULT,DEFAULT,False,DEFAULT,DEFAULT,DEFAULT,False,False,False,DEFAULT,False,False,False,False,False,DEFAULT,DEFAULT
6800,1,/home/user/Documents/benchmarks/DroidBench30/benchmark/apks/InterAppCommunication/Collector/Collector.apk /home/user/Documents/benchmarks/DroidBench30/benchmark/apks/InterAppCommunication/Location_leakage/Location1.apk' | 'COMBINE,InterAppCommunication,/home/user/Documents/git/AndroidTAEnvironment/configurations/FlowDroid/1-way/config_FlowDroid_aplength5.xml,True,False,12649,0.0,0.0,0.0,0.875,0.518518519,0.651162791,DEFAULT,False,5,DEFAULT,DEFAULT,DEFAULT,DEFAULT,False,DEFAULT,DEFAULT,DEFAULT,False,False,False,DEFAULT,False,False,False,False,False,DEFAULT,DEFAULT
6801,1,/home/user/Documents/benchmarks/DroidBench30/benchmark/apks/InterAppCommunication/Echoer.apk /home/user/Documents/benchmarks/DroidBench30/benchmark/apks/InterAppCommunication/StartActivityForResult1.apk' | 'COMBINE,InterAppCommunication,/home/user/Documents/git/AndroidTAEnvironment/configurations/FlowDroid/1-way/config_FlowDroid_aplength5.xml,True,False,12163,0.0,0.0,0.0,0.875,0.518518519,0.651162791,DEFAULT,False,5,DEFAULT,DEFAULT,DEFAULT,DEFAULT,False,DEFAULT,DEFAULT,DEFAULT,False,False,False,DEFAULT,False,False,False,False,False,DEFAULT,DEFAULT
6802,1,/home/user/Documents/benchmarks/DroidBench30/benchmark/apks/InterAppCommunication/Collector/Collector.apk /home/user/Documents/benchmarks/DroidBench30/benchmark/apks/InterAppCommunication/Device_Id_leakage/DeviceId_OrderedIntent1.apk' | 'COMBINE,InterAppCommunication,/home/user/Documents/git/AndroidTAEnvironment/configurations/FlowDroid/1-way/config_FlowDroid_aplength5.xml,True,False,11045,0.0,0.0,0.0,0.875,0.518518519,0.651162791,DEFAULT,False,5,DEFAULT,DEFAULT,DEFAULT,DEFAULT,False,DEFAULT,DEFAULT,DEFAULT,False,False,False,DEFAULT,False,False,False,False,False,DEFAULT,DEFAULT
6803,1,/home/user/Documents/benchmarks/DroidBench30/benchmark/apks/InterAppCommunication/Collector/Collector.apk /home/user/Documents/benchmarks/DroidBench30/benchmark/apks/InterAppCommunication/Location_leakage/Location_Service1.apk' | 'COMBINE,InterAppCommunication,/home/user/Documents/git/AndroidTAEnvironment/configurations/FlowDroid/1-way/config_FlowDroid_aplength5.xml,True,False,10079,0.0,0.0,0.0,0.875,0.518518519,0.651162791,DEFAULT,False,5,DEFAULT,DEFAULT,DEFAULT,DEFAULT,False,DEFAULT,DEFAULT,DEFAULT,False,False,False,DEFAULT,False,False,False,False,False,DEFAULT,DEFAULT
6804,1,/home/user/Documents/benchmarks/DroidBench30/benchmark/apks/InterAppCommunication/Collector/Collector.apk /home/user/Documents/benchmarks/DroidBench30/benchmark/apks/InterAppCommunication/Location_leakage/Location_Broadcast1.apk' | 'COMBINE,InterAppCommunication,/home/user/Documents/git/AndroidTAEnvironment/configurations/FlowDroid/1-way/config_FlowDroid_aplength5.xml,True,False,9233,0.0,0.0,0.0,0.875,0.518518519,0.651162791,DEFAULT,False,5,DEFAULT,DEFAULT,DEFAULT,DEFAULT,False,DEFAULT,DEFAULT,DEFAULT,False,False,False,DEFAULT,False,False,False,False,False,DEFAULT,DEFAULT
6805,1,/home/user/Documents/benchmarks/DroidBench30/benchmark/apks/InterAppCommunication/Collector/Collector.apk /home/user/Documents/benchmarks/DroidBench30/benchmark/apks/InterAppCommunication/Device_Id_leakage/DeviceId_Broadcast1.apk' | 'COMBINE,InterAppCommunication,/home/user/Documents/git/AndroidTAEnvironment/configurations/FlowDroid/1-way/config_FlowDroid_aplength5.xml,True,False,9141,0.0,0.0,0.0,0.875,0.518518519,0.651162791,DEFAULT,False,5,DEFAULT,DEFAULT,DEFAULT,DEFAULT,False,DEFAULT,DEFAULT,DEFAULT,False,False,False,DEFAULT,False,False,False,False,False,DEFAULT,DEFAULT
6806,1,/home/user/Documents/benchmarks/DroidBench30/benchmark/apks/InterAppCommunication/Echoer.apk /home/user/Documents/benchmarks/DroidBench30/benchmark/apks/InterAppCommunication/StartActivityForResult1.apk' | 'COMBINE,InterAppCommunication,/home/user/Documents/git/AndroidTAEnvironment/configurations/FlowDroid/1-way/config_FlowDroid_aplength5.xml,True,False,9082,0.0,0.0,0.0,0.875,0.518518519,0.651162791,DEFAULT,False,5,DEFAULT,DEFAULT,DEFAULT,DEFAULT,False,DEFAULT,DEFAULT,DEFAULT,False,False,False,DEFAULT,False,False,False,False,False,DEFAULT,DEFAULT
6807,1,/home/user/Documents/benchmarks/DroidBench30/benchmark/apks/InterAppCommunication/Echoer.apk /home/user/Documents/benchmarks/DroidBench30/benchmark/apks/InterAppCommunication/SendSMS.apk' | 'COMBINE,InterAppCommunication,/home/user/Documents/git/AndroidTAEnvironment/configurations/FlowDroid/1-way/config_FlowDroid_aplength5.xml,True,False,8828,0.0,0.0,0.0,0.875,0.518518519,0.651162791,DEFAULT,False,5,DEFAULT,DEFAULT,DEFAULT,DEFAULT,False,DEFAULT,DEFAULT,DEFAULT,False,False,False,DEFAULT,False,False,False,False,False,DEFAULT,DEFAULT
6808,1,/home/user/Documents/benchmarks/DroidBench30/benchmark/apks/InterAppCommunication/Echoer.apk /home/user/Documents/benchmarks/DroidBench30/benchmark/apks/InterAppCommunication/SendSMS.apk' | 'COMBINE,InterAppCommunication,/home/user/Documents/git/AndroidTAEnvironment/configurations/FlowDroid/1-way/config_FlowDroid_aplength5.xml,True,False,7041,0.0,0.0,0.0,0.875,0.518518519,0.651162791,DEFAULT,False,5,DEFAULT,DEFAULT,DEFAULT,DEFAULT,False,DEFAULT,DEFAULT,DEFAULT,False,False,False,DEFAULT,False,False,False,False,False,DEFAULT,DEFAULT
6809,1,/home/user/Documents/benchmarks/DroidBench30/benchmark/apks/InterComponentCommunication/ActivityCommunication3.apk,InterComponentCommunication,/home/user/Documents/git/AndroidTAEnvironment/configurations/FlowDroid/1-way/config_FlowDroid_aplength5.xml,True,False,23170,1.0,0.157894737,0.272727273,0.875,0.518518519,0.651162791,DEFAULT,False,5,DEFAULT,DEFAULT,DEFAULT,DEFAULT,False,DEFAULT,DEFAULT,DEFAULT,False,False,False,DEFAULT,False,False,False,False,False,DEFAULT,DEFAULT
6810,1,/home/user/Documents/benchmarks/DroidBench30/benchmark/apks/InterComponentCommunication/ActivityCommunication4.apk,InterComponentCommunication,/home/user/Documents/git/AndroidTAEnvironment/configurations/FlowDroid/1-way/config_FlowDroid_aplength5.xml,True,False,20864,1.0,0.157894737,0.272727273,0.875,0.518518519,0.651162791,DEFAULT,False,5,DEFAULT,DEFAULT,DEFAULT,DEFAULT,False,DEFAULT,DEFAULT,DEFAULT,False,False,False,DEFAULT,False,False,False,False,False,DEFAULT,DEFAULT
6811,1,/home/user/Documents/benchmarks/DroidBench30/benchmark/apks/InterComponentCommunication/ActivityCommunication6.apk,InterComponentCommunication,/home/user/Documents/git/AndroidTAEnvironment/configurations/FlowDroid/1-way/config_FlowDroid_aplength5.xml,True,False,18747,1.0,0.157894737,0.272727273,0.875,0.518518519,0.651162791,DEFAULT,False,5,DEFAULT,DEFAULT,DEFAULT,DEFAULT,False,DEFAULT,DEFAULT,DEFAULT,False,False,False,DEFAULT,False,False,False,False,False,DEFAULT,DEFAULT
6812,1,/home/user/Documents/benchmarks/DroidBench30/benchmark/apks/InterComponentCommunication/ActivityCommunication8.apk,InterComponentCommunication,/home/user/Documents/git/AndroidTAEnvironment/configurations/FlowDroid/1-way/config_FlowDroid_aplength5.xml,True,False,18153,1.0,0.157894737,0.272727273,0.875,0.518518519,0.651162791,DEFAULT,False,5,DEFAULT,DEFAULT,DEFAULT,DEFAULT,False,DEFAULT,DEFAULT,DEFAULT,False,False,False,DEFAULT,False,False,False,False,False,DEFAULT,DEFAULT
6813,1,/home/user/Documents/benchmarks/DroidBench30/benchmark/apks/InterComponentCommunication/ActivityCommunication6.apk,InterComponentCommunication,/home/user/Documents/git/AndroidTAEnvironment/configurations/FlowDroid/1-way/config_FlowDroid_aplength5.xml,False,True,17440,1.0,0.157894737,0.272727273,0.875,0.518518519,0.651162791,DEFAULT,False,5,DEFAULT,DEFAULT,DEFAULT,DEFAULT,False,DEFAULT,DEFAULT,DEFAULT,False,False,False,DEFAULT,False,False,False,False,False,DEFAULT,DEFAULT
6814,1,/home/user/Documents/benchmarks/DroidBench30/benchmark/apks/InterComponentCommunication/ActivityCommunication5.apk,InterComponentCommunication,/home/user/Documents/git/AndroidTAEnvironment/configurations/FlowDroid/1-way/config_FlowDroid_aplength5.xml,False,True,16945,1.0,0.157894737,0.272727273,0.875,0.518518519,0.651162791,DEFAULT,False,5,DEFAULT,DEFAULT,DEFAULT,DEFAULT,False,DEFAULT,DEFAULT,DEFAULT,False,False,False,DEFAULT,False,False,False,False,False,DEFAULT,DEFAULT
6815,1,/home/user/Documents/benchmarks/DroidBench30/benchmark/apks/InterComponentCommunication/ActivityCommunication4.apk,InterComponentCommunication,/home/user/Documents/git/AndroidTAEnvironment/configurations/FlowDroid/1-way/config_FlowDroid_aplength5.xml,False,True,15498,1.0,0.157894737,0.272727273,0.875,0.518518519,0.651162791,DEFAULT,False,5,DEFAULT,DEFAULT,DEFAULT,DEFAULT,False,DEFAULT,DEFAULT,DEFAULT,False,False,False,DEFAULT,False,False,False,False,False,DEFAULT,DEFAULT
6816,1,/home/user/Documents/benchmarks/DroidBench30/benchmark/apks/InterComponentCommunication/ActivityCommunication2.apk,InterComponentCommunication,/home/user/Documents/git/AndroidTAEnvironment/configurations/FlowDroid/1-way/config_FlowDroid_aplength5.xml,False,True,15347,1.0,0.157894737,0.272727273,0.875,0.518518519,0.651162791,DEFAULT,False,5,DEFAULT,DEFAULT,DEFAULT,DEFAULT,False,DEFAULT,DEFAULT,DEFAULT,False,False,False,DEFAULT,False,False,False,False,False,DEFAULT,DEFAULT
6817,1,/home/user/Documents/benchmarks/DroidBench30/benchmark/apks/InterComponentCommunication/ComponentNotInManifest1.apk,InterComponentCommunication,/home/user/Documents/git/AndroidTAEnvironment/configurations/FlowDroid/1-way/config_FlowDroid_aplength5.xml,False,True,14410,1.0,0.157894737,0.272727273,0.875,0.518518519,0.651162791,DEFAULT,False,5,DEFAULT,DEFAULT,DEFAULT,DEFAULT,False,DEFAULT,DEFAULT,DEFAULT,False,False,False,DEFAULT,False,False,False,False,False,DEFAULT,DEFAULT
6818,1,/home/user/Documents/benchmarks/DroidBench30/benchmark/apks/InterComponentCommunication/ActivityCommunication8.apk,InterComponentCommunication,/home/user/Documents/git/AndroidTAEnvironment/configurations/FlowDroid/1-way/config_FlowDroid_aplength5.xml,False,True,13756,1.0,0.157894737,0.272727273,0.875,0.518518519,0.651162791,DEFAULT,False,5,DEFAULT,DEFAULT,DEFAULT,DEFAULT,False,DEFAULT,DEFAULT,DEFAULT,False,False,False,DEFAULT,False,False,False,False,False,DEFAULT,DEFAULT
6819,1,/home/user/Documents/benchmarks/DroidBench30/benchmark/apks/InterComponentCommunication/ActivityCommunication7.apk,InterComponentCommunication,/home/user/Documents/git/AndroidTAEnvironment/configurations/FlowDroid/1-way/config_FlowDroid_aplength5.xml,False,True,13750,1.0,0.157894737,0.272727273,0.875,0.518518519,0.651162791,DEFAULT,False,5,DEFAULT,DEFAULT,DEFAULT,DEFAULT,False,DEFAULT,DEFAULT,DEFAULT,False,False,False,DEFAULT,False,False,False,False,False,DEFAULT,DEFAULT
6820,1,/home/user/Documents/benchmarks/DroidBench30/benchmark/apks/InterComponentCommunication/IntentSink2.apk,InterComponentCommunication,/home/user/Documents/git/AndroidTAEnvironment/configurations/FlowDroid/1-way/config_FlowDroid_aplength5.xml,True,False,13405,1.0,0.157894737,0.272727273,0.875,0.518518519,0.651162791,DEFAULT,False,5,DEFAULT,DEFAULT,DEFAULT,DEFAULT,False,DEFAULT,DEFAULT,DEFAULT,False,False,False,DEFAULT,False,False,False,False,False,DEFAULT,DEFAULT
6821,1,/home/user/Documents/benchmarks/DroidBench30/benchmark/apks/InterComponentCommunication/BroadcastTaintAndLeak1.apk,InterComponentCommunication,/home/user/Documents/git/AndroidTAEnvironment/configurations/FlowDroid/1-way/config_FlowDroid_aplength5.xml,True,False,13236,1.0,0.157894737,0.272727273,0.875,0.518518519,0.651162791,DEFAULT,False,5,DEFAULT,DEFAULT,DEFAULT,DEFAULT,False,DEFAULT,DEFAULT,DEFAULT,False,False,False,DEFAULT,False,False,False,False,False,DEFAULT,DEFAULT
6822,1,/home/user/Documents/benchmarks/DroidBench30/benchmark/apks/InterComponentCommunication/ActivityCommunication3.apk,InterComponentCommunication,/home/user/Documents/git/AndroidTAEnvironment/configurations/FlowDroid/1-way/config_FlowDroid_aplength5.xml,False,True,13170,1.0,0.157894737,0.272727273,0.875,0.518518519,0.651162791,DEFAULT,False,5,DEFAULT,DEFAULT,DEFAULT,DEFAULT,False,DEFAULT,DEFAULT,DEFAULT,False,False,False,DEFAULT,False,False,False,False,False,DEFAULT,DEFAULT
6823,1,/home/user/Documents/benchmarks/DroidBench30/benchmark/apks/InterComponentCommunication/Singletons1.apk,InterComponentCommunication,/home/user/Documents/git/AndroidTAEnvironment/configurations/FlowDroid/1-way/config_FlowDroid_aplength5.xml,True,True,13026,1.0,0.157894737,0.272727273,0.875,0.518518519,0.651162791,DEFAULT,False,5,DEFAULT,DEFAULT,DEFAULT,DEFAULT,False,DEFAULT,DEFAULT,DEFAULT,False,False,False,DEFAULT,False,False,False,False,False,DEFAULT,DEFAULT
6824,1,/home/user/Documents/benchmarks/DroidBench30/benchmark/apks/InterComponentCommunication/IntentSink1.apk,InterComponentCommunication,/home/user/Documents/git/AndroidTAEnvironment/configurations/FlowDroid/1-way/config_FlowDroid_aplength5.xml,True,True,12731,1.0,0.157894737,0.272727273,0.875,0.518518519,0.651162791,DEFAULT,False,5,DEFAULT,DEFAULT,DEFAULT,DEFAULT,False,DEFAULT,DEFAULT,DEFAULT,False,False,False,DEFAULT,False,False,False,False,False,DEFAULT,DEFAULT
6825,1,/home/user/Documents/benchmarks/DroidBench30/benchmark/apks/InterComponentCommunication/UnresolvableIntent1.apk,InterComponentCommunication,/home/user/Documents/git/AndroidTAEnvironment/configurations/FlowDroid/1-way/config_FlowDroid_aplength5.xml,True,False,12701,1.0,0.157894737,0.272727273,0.875,0.518518519,0.651162791,DEFAULT,False,5,DEFAULT,DEFAULT,DEFAULT,DEFAULT,False,DEFAULT,DEFAULT,DEFAULT,False,False,False,DEFAULT,False,False,False,False,False,DEFAULT,DEFAULT
6826,1,/home/user/Documents/benchmarks/DroidBench30/benchmark/apks/InterComponentCommunication/ComponentNotInManifest1.apk,InterComponentCommunication,/home/user/Documents/git/AndroidTAEnvironment/configurations/FlowDroid/1-way/config_FlowDroid_aplength5.xml,True,False,12628,1.0,0.157894737,0.272727273,0.875,0.518518519,0.651162791,DEFAULT,False,5,DEFAULT,DEFAULT,DEFAULT,DEFAULT,False,DEFAULT,DEFAULT,DEFAULT,False,False,False,DEFAULT,False,False,False,False,False,DEFAULT,DEFAULT
6827,1,/home/user/Documents/benchmarks/DroidBench30/benchmark/apks/InterComponentCommunication/ActivityCommunication1.apk,InterComponentCommunication,/home/user/Documents/git/AndroidTAEnvironment/configurations/FlowDroid/1-way/config_FlowDroid_aplength5.xml,True,True,12453,1.0,0.157894737,0.272727273,0.875,0.518518519,0.651162791,DEFAULT,False,5,DEFAULT,DEFAULT,DEFAULT,DEFAULT,False,DEFAULT,DEFAULT,DEFAULT,False,False,False,DEFAULT,False,False,False,False,False,DEFAULT,DEFAULT
6828,1,/home/user/Documents/benchmarks/DroidBench30/benchmark/apks/InterComponentCommunication/IntentSource1.apk,InterComponentCommunication,/home/user/Documents/git/AndroidTAEnvironment/configurations/FlowDroid/1-way/config_FlowDroid_aplength5.xml,True,False,12360,1.0,0.157894737,0.272727273,0.875,0.518518519,0.651162791,DEFAULT,False,5,DEFAULT,DEFAULT,DEFAULT,DEFAULT,False,DEFAULT,DEFAULT,DEFAULT,False,False,False,DEFAULT,False,False,False,False,False,DEFAULT,DEFAULT
6829,1,/home/user/Documents/benchmarks/DroidBench30/benchmark/apks/InterComponentCommunication/EventOrdering1.apk,InterComponentCommunication,/home/user/Documents/git/AndroidTAEnvironment/configurations/FlowDroid/1-way/config_FlowDroid_aplength5.xml,False,True,12042,1.0,0.157894737,0.272727273,0.875,0.518518519,0.651162791,DEFAULT,False,5,DEFAULT,DEFAULT,DEFAULT,DEFAULT,False,DEFAULT,DEFAULT,DEFAULT,False,False,False,DEFAULT,False,False,False,False,False,DEFAULT,DEFAULT
6830,1,/home/user/Documents/benchmarks/DroidBench30/benchmark/apks/InterComponentCommunication/ActivityCommunication5.apk,InterComponentCommunication,/home/user/Documents/git/AndroidTAEnvironment/configurations/FlowDroid/1-way/config_FlowDroid_aplength5.xml,True,False,12022,1.0,0.157894737,0.272727273,0.875,0.518518519,0.651162791,DEFAULT,False,5,DEFAULT,DEFAULT,DEFAULT,DEFAULT,False,DEFAULT,DEFAULT,DEFAULT,False,False,False,DEFAULT,False,False,False,False,False,DEFAULT,DEFAULT
6831,1,/home/user/Documents/benchmarks/DroidBench30/benchmark/apks/InterComponentCommunication/ActivityCommunication7.apk,InterComponentCommunication,/home/user/Documents/git/AndroidTAEnvironment/configurations/FlowDroid/1-way/config_FlowDroid_aplength5.xml,True,False,11736,1.0,0.157894737,0.272727273,0.875,0.518518519,0.651162791,DEFAULT,False,5,DEFAULT,DEFAULT,DEFAULT,DEFAULT,False,DEFAULT,DEFAULT,DEFAULT,False,False,False,DEFAULT,False,False,False,False,False,DEFAULT,DEFAULT
6832,1,/home/user/Documents/benchmarks/DroidBench30/benchmark/apks/InterComponentCommunication/EventOrdering1.apk,InterComponentCommunication,/home/user/Documents/git/AndroidTAEnvironment/configurations/FlowDroid/1-way/config_FlowDroid_aplength5.xml,True,False,11461,1.0,0.157894737,0.272727273,0.875,0.518518519,0.651162791,DEFAULT,False,5,DEFAULT,DEFAULT,DEFAULT,DEFAULT,False,DEFAULT,DEFAULT,DEFAULT,False,False,False,DEFAULT,False,False,False,False,False,DEFAULT,DEFAULT
6833,1,/home/user/Documents/benchmarks/DroidBench30/benchmark/apks/InterComponentCommunication/ServiceCommunication1.apk,InterComponentCommunication,/home/user/Documents/git/AndroidTAEnvironment/configurations/FlowDroid/1-way/config_FlowDroid_aplength5.xml,True,False,11045,1.0,0.157894737,0.272727273,0.875,0.518518519,0.651162791,DEFAULT,False,5,DEFAULT,DEFAULT,DEFAULT,DEFAULT,False,DEFAULT,DEFAULT,DEFAULT,False,False,False,DEFAULT,False,False,False,False,False,DEFAULT,DEFAULT
6834,1,/home/user/Documents/benchmarks/DroidBench30/benchmark/apks/InterComponentCommunication/UnresolvableIntent1.apk,InterComponentCommunication,/home/user/Documents/git/AndroidTAEnvironment/configurations/FlowDroid/1-way/config_FlowDroid_aplength5.xml,True,False,10666,1.0,0.157894737,0.272727273,0.875,0.518518519,0.651162791,DEFAULT,False,5,DEFAULT,DEFAULT,DEFAULT,DEFAULT,False,DEFAULT,DEFAULT,DEFAULT,False,False,False,DEFAULT,False,False,False,False,False,DEFAULT,DEFAULT
6835,1,/home/user/Documents/benchmarks/DroidBench30/benchmark/apks/InterComponentCommunication/SharedPreferences1.apk,InterComponentCommunication,/home/user/Documents/git/AndroidTAEnvironment/configurations/FlowDroid/1-way/config_FlowDroid_aplength5.xml,True,False,10601,1.0,0.157894737,0.272727273,0.875,0.518518519,0.651162791,DEFAULT,False,5,DEFAULT,DEFAULT,DEFAULT,DEFAULT,False,DEFAULT,DEFAULT,DEFAULT,False,False,False,DEFAULT,False,False,False,False,False,DEFAULT,DEFAULT
6836,1,/home/user/Documents/benchmarks/DroidBench30/benchmark/apks/InterComponentCommunication/ActivityCommunication2.apk,InterComponentCommunication,/home/user/Documents/git/AndroidTAEnvironment/configurations/FlowDroid/1-way/config_FlowDroid_aplength5.xml,True,False,9686,1.0,0.157894737,0.272727273,0.875,0.518518519,0.651162791,DEFAULT,False,5,DEFAULT,DEFAULT,DEFAULT,DEFAULT,False,DEFAULT,DEFAULT,DEFAULT,False,False,False,DEFAULT,False,False,False,False,False,DEFAULT,DEFAULT
6837,1,/home/user/Documents/benchmarks/DroidBench30/benchmark/apks/Lifecycle/ServiceEventSequence1.apk,Lifecycle,/home/user/Documents/git/AndroidTAEnvironment/configurations/FlowDroid/1-way/config_FlowDroid_aplength5.xml,True,False,19983,1.0,0.666666667,0.8,0.875,0.518518519,0.651162791,DEFAULT,False,5,DEFAULT,DEFAULT,DEFAULT,DEFAULT,False,DEFAULT,DEFAULT,DEFAULT,False,False,False,DEFAULT,False,False,False,False,False,DEFAULT,DEFAULT
6838,1,/home/user/Documents/benchmarks/DroidBench30/benchmark/apks/Lifecycle/ActivityEventSequence3.apk,Lifecycle,/home/user/Documents/git/AndroidTAEnvironment/configurations/FlowDroid/1-way/config_FlowDroid_aplength5.xml,True,False,18714,1.0,0.666666667,0.8,0.875,0.518518519,0.651162791,DEFAULT,False,5,DEFAULT,DEFAULT,DEFAULT,DEFAULT,False,DEFAULT,DEFAULT,DEFAULT,False,False,False,DEFAULT,False,False,False,False,False,DEFAULT,DEFAULT
6839,1,/home/user/Documents/benchmarks/DroidBench30/benchmark/apks/Lifecycle/ActivityLifecycle4.apk,Lifecycle,/home/user/Documents/git/AndroidTAEnvironment/configurations/FlowDroid/1-way/config_FlowDroid_aplength5.xml,True,True,17912,1.0,0.666666667,0.8,0.875,0.518518519,0.651162791,DEFAULT,False,5,DEFAULT,DEFAULT,DEFAULT,DEFAULT,False,DEFAULT,DEFAULT,DEFAULT,False,False,False,DEFAULT,False,False,False,False,False,DEFAULT,DEFAULT
6840,1,/home/user/Documents/benchmarks/DroidBench30/benchmark/apks/Lifecycle/ActivityEventSequence2.apk,Lifecycle,/home/user/Documents/git/AndroidTAEnvironment/configurations/FlowDroid/1-way/config_FlowDroid_aplength5.xml,True,True,17168,1.0,0.666666667,0.8,0.875,0.518518519,0.651162791,DEFAULT,False,5,DEFAULT,DEFAULT,DEFAULT,DEFAULT,False,DEFAULT,DEFAULT,DEFAULT,False,False,False,DEFAULT,False,False,False,False,False,DEFAULT,DEFAULT
6841,1,/home/user/Documents/benchmarks/DroidBench30/benchmark/apks/Lifecycle/ActivityLifecycle2.apk,Lifecycle,/home/user/Documents/git/AndroidTAEnvironment/configurations/FlowDroid/1-way/config_FlowDroid_aplength5.xml,True,True,16585,1.0,0.666666667,0.8,0.875,0.518518519,0.651162791,DEFAULT,False,5,DEFAULT,DEFAULT,DEFAULT,DEFAULT,False,DEFAULT,DEFAULT,DEFAULT,False,False,False,DEFAULT,False,False,False,False,False,DEFAULT,DEFAULT
6842,1,/home/user/Documents/benchmarks/DroidBench30/benchmark/apks/Lifecycle/ActivityLifecycle1.apk,Lifecycle,/home/user/Documents/git/AndroidTAEnvironment/configurations/FlowDroid/1-way/config_FlowDroid_aplength5.xml,True,True,16362,1.0,0.666666667,0.8,0.875,0.518518519,0.651162791,DEFAULT,False,5,DEFAULT,DEFAULT,DEFAULT,DEFAULT,False,DEFAULT,DEFAULT,DEFAULT,False,False,False,DEFAULT,False,False,False,False,False,DEFAULT,DEFAULT
6843,1,/home/user/Documents/benchmarks/DroidBench30/benchmark/apks/Lifecycle/FragmentLifecycle1.apk,Lifecycle,/home/user/Documents/git/AndroidTAEnvironment/configurations/FlowDroid/1-way/config_FlowDroid_aplength5.xml,True,True,15660,1.0,0.666666667,0.8,0.875,0.518518519,0.651162791,DEFAULT,False,5,DEFAULT,DEFAULT,DEFAULT,DEFAULT,False,DEFAULT,DEFAULT,DEFAULT,False,False,False,DEFAULT,False,False,False,False,False,DEFAULT,DEFAULT
6844,1,/home/user/Documents/benchmarks/DroidBench30/benchmark/apks/Lifecycle/EventOrdering1.apk,Lifecycle,/home/user/Documents/git/AndroidTAEnvironment/configurations/FlowDroid/1-way/config_FlowDroid_aplength5.xml,True,True,15301,1.0,0.666666667,0.8,0.875,0.518518519,0.651162791,DEFAULT,False,5,DEFAULT,DEFAULT,DEFAULT,DEFAULT,False,DEFAULT,DEFAULT,DEFAULT,False,False,False,DEFAULT,False,False,False,False,False,DEFAULT,DEFAULT
6845,1,/home/user/Documents/benchmarks/DroidBench30/benchmark/apks/Lifecycle/ServiceEventSequence3.apk,Lifecycle,/home/user/Documents/git/AndroidTAEnvironment/configurations/FlowDroid/1-way/config_FlowDroid_aplength5.xml,True,False,14769,1.0,0.666666667,0.8,0.875,0.518518519,0.651162791,DEFAULT,False,5,DEFAULT,DEFAULT,DEFAULT,DEFAULT,False,DEFAULT,DEFAULT,DEFAULT,False,False,False,DEFAULT,False,False,False,False,False,DEFAULT,DEFAULT
6846,1,/home/user/Documents/benchmarks/DroidBench30/benchmark/apks/Lifecycle/ActivitySavedState1.apk,Lifecycle,/home/user/Documents/git/AndroidTAEnvironment/configurations/FlowDroid/1-way/config_FlowDroid_aplength5.xml,True,False,14565,1.0,0.666666667,0.8,0.875,0.518518519,0.651162791,DEFAULT,False,5,DEFAULT,DEFAULT,DEFAULT,DEFAULT,False,DEFAULT,DEFAULT,DEFAULT,False,False,False,DEFAULT,False,False,False,False,False,DEFAULT,DEFAULT
6847,1,/home/user/Documents/benchmarks/DroidBench30/benchmark/apks/Lifecycle/ApplicationLifecycle3.apk,Lifecycle,/home/user/Documents/git/AndroidTAEnvironment/configurations/FlowDroid/1-way/config_FlowDroid_aplength5.xml,True,True,14431,1.0,0.666666667,0.8,0.875,0.518518519,0.651162791,DEFAULT,False,5,DEFAULT,DEFAULT,DEFAULT,DEFAULT,False,DEFAULT,DEFAULT,DEFAULT,False,False,False,DEFAULT,False,False,False,False,False,DEFAULT,DEFAULT
6848,1,/home/user/Documents/benchmarks/DroidBench30/benchmark/apks/Lifecycle/ActivityEventSequence1.apk,Lifecycle,/home/user/Documents/git/AndroidTAEnvironment/configurations/FlowDroid/1-way/config_FlowDroid_aplength5.xml,True,True,14381,1.0,0.666666667,0.8,0.875,0.518518519,0.651162791,DEFAULT,False,5,DEFAULT,DEFAULT,DEFAULT,DEFAULT,False,DEFAULT,DEFAULT,DEFAULT,False,False,False,DEFAULT,False,False,False,False,False,DEFAULT,DEFAULT
6849,1,/home/user/Documents/benchmarks/DroidBench30/benchmark/apks/Lifecycle/ApplicationLifecycle2.apk,Lifecycle,/home/user/Documents/git/AndroidTAEnvironment/configurations/FlowDroid/1-way/config_FlowDroid_aplength5.xml,True,True,14248,1.0,0.666666667,0.8,0.875,0.518518519,0.651162791,DEFAULT,False,5,DEFAULT,DEFAULT,DEFAULT,DEFAULT,False,DEFAULT,DEFAULT,DEFAULT,False,False,False,DEFAULT,False,False,False,False,False,DEFAULT,DEFAULT
6850,1,/home/user/Documents/benchmarks/DroidBench30/benchmark/apks/Lifecycle/BroadcastReceiverLifecycle2.apk,Lifecycle,/home/user/Documents/git/AndroidTAEnvironment/configurations/FlowDroid/1-way/config_FlowDroid_aplength5.xml,True,False,14241,1.0,0.666666667,0.8,0.875,0.518518519,0.651162791,DEFAULT,False,5,DEFAULT,DEFAULT,DEFAULT,DEFAULT,False,DEFAULT,DEFAULT,DEFAULT,False,False,False,DEFAULT,False,False,False,False,False,DEFAULT,DEFAULT
6851,1,/home/user/Documents/benchmarks/DroidBench30/benchmark/apks/Lifecycle/ServiceEventSequence2.apk,Lifecycle,/home/user/Documents/git/AndroidTAEnvironment/configurations/FlowDroid/1-way/config_FlowDroid_aplength5.xml,True,False,14230,1.0,0.666666667,0.8,0.875,0.518518519,0.651162791,DEFAULT,False,5,DEFAULT,DEFAULT,DEFAULT,DEFAULT,False,DEFAULT,DEFAULT,DEFAULT,False,False,False,DEFAULT,False,False,False,False,False,DEFAULT,DEFAULT
6852,1,/home/user/Documents/benchmarks/DroidBench30/benchmark/apks/Lifecycle/ServiceLifecycle1.apk,Lifecycle,/home/user/Documents/git/AndroidTAEnvironment/configurations/FlowDroid/1-way/config_FlowDroid_aplength5.xml,True,True,14207,1.0,0.666666667,0.8,0.875,0.518518519,0.651162791,DEFAULT,False,5,DEFAULT,DEFAULT,DEFAULT,DEFAULT,False,DEFAULT,DEFAULT,DEFAULT,False,False,False,DEFAULT,False,False,False,False,False,DEFAULT,DEFAULT
6853,1,/home/user/Documents/benchmarks/DroidBench30/benchmark/apks/Lifecycle/ActivityLifecycle3.apk,Lifecycle,/home/user/Documents/git/AndroidTAEnvironment/configurations/FlowDroid/1-way/config_FlowDroid_aplength5.xml,True,True,14067,1.0,0.666666667,0.8,0.875,0.518518519,0.651162791,DEFAULT,False,5,DEFAULT,DEFAULT,DEFAULT,DEFAULT,False,DEFAULT,DEFAULT,DEFAULT,False,False,False,DEFAULT,False,False,False,False,False,DEFAULT,DEFAULT
6854,1,/home/user/Documents/benchmarks/DroidBench30/benchmark/apks/Lifecycle/BroadcastReceiverLifecycle3.apk,Lifecycle,/home/user/Documents/git/AndroidTAEnvironment/configurations/FlowDroid/1-way/config_FlowDroid_aplength5.xml,True,True,13565,1.0,0.666666667,0.8,0.875,0.518518519,0.651162791,DEFAULT,False,5,DEFAULT,DEFAULT,DEFAULT,DEFAULT,False,DEFAULT,DEFAULT,DEFAULT,False,False,False,DEFAULT,False,False,False,False,False,DEFAULT,DEFAULT
6855,1,/home/user/Documents/benchmarks/DroidBench30/benchmark/apks/Lifecycle/BroadcastReceiverLifecycle1.apk,Lifecycle,/home/user/Documents/git/AndroidTAEnvironment/configurations/FlowDroid/1-way/config_FlowDroid_aplength5.xml,True,True,13051,1.0,0.666666667,0.8,0.875,0.518518519,0.651162791,DEFAULT,False,5,DEFAULT,DEFAULT,DEFAULT,DEFAULT,False,DEFAULT,DEFAULT,DEFAULT,False,False,False,DEFAULT,False,False,False,False,False,DEFAULT,DEFAULT
6856,1,/home/user/Documents/benchmarks/DroidBench30/benchmark/apks/Lifecycle/AsynchronousEventOrdering1.apk,Lifecycle,/home/user/Documents/git/AndroidTAEnvironment/configurations/FlowDroid/1-way/config_FlowDroid_aplength5.xml,True,True,12684,1.0,0.666666667,0.8,0.875,0.518518519,0.651162791,DEFAULT,False,5,DEFAULT,DEFAULT,DEFAULT,DEFAULT,False,DEFAULT,DEFAULT,DEFAULT,False,False,False,DEFAULT,False,False,False,False,False,DEFAULT,DEFAULT
6857,1,/home/user/Documents/benchmarks/DroidBench30/benchmark/apks/Lifecycle/SharedPreferenceChanged1.apk,Lifecycle,/home/user/Documents/git/AndroidTAEnvironment/configurations/FlowDroid/1-way/config_FlowDroid_aplength5.xml,True,False,12679,1.0,0.666666667,0.8,0.875,0.518518519,0.651162791,DEFAULT,False,5,DEFAULT,DEFAULT,DEFAULT,DEFAULT,False,DEFAULT,DEFAULT,DEFAULT,False,False,False,DEFAULT,False,False,False,False,False,DEFAULT,DEFAULT
6858,1,/home/user/Documents/benchmarks/DroidBench30/benchmark/apks/Lifecycle/ApplicationLifecycle1.apk,Lifecycle,/home/user/Documents/git/AndroidTAEnvironment/configurations/FlowDroid/1-way/config_FlowDroid_aplength5.xml,True,True,12189,1.0,0.666666667,0.8,0.875,0.518518519,0.651162791,DEFAULT,False,5,DEFAULT,DEFAULT,DEFAULT,DEFAULT,False,DEFAULT,DEFAULT,DEFAULT,False,False,False,DEFAULT,False,False,False,False,False,DEFAULT,DEFAULT
6859,1,/home/user/Documents/benchmarks/DroidBench30/benchmark/apks/Lifecycle/FragmentLifecycle2.apk,Lifecycle,/home/user/Documents/git/AndroidTAEnvironment/configurations/FlowDroid/1-way/config_FlowDroid_aplength5.xml,True,False,11552,1.0,0.666666667,0.8,0.875,0.518518519,0.651162791,DEFAULT,False,5,DEFAULT,DEFAULT,DEFAULT,DEFAULT,False,DEFAULT,DEFAULT,DEFAULT,False,False,False,DEFAULT,False,False,False,False,False,DEFAULT,DEFAULT
6860,1,/home/user/Documents/benchmarks/DroidBench30/benchmark/apks/Lifecycle/ServiceLifecycle2.apk,Lifecycle,/home/user/Documents/git/AndroidTAEnvironment/configurations/FlowDroid/1-way/config_FlowDroid_aplength5.xml,True,True,10536,1.0,0.666666667,0.8,0.875,0.518518519,0.651162791,DEFAULT,False,5,DEFAULT,DEFAULT,DEFAULT,DEFAULT,False,DEFAULT,DEFAULT,DEFAULT,False,False,False,DEFAULT,False,False,False,False,False,DEFAULT,DEFAULT
6861,1,/home/user/Documents/benchmarks/DroidBench30/benchmark/apks/Native/NativeIDFunction.apk,Native,/home/user/Documents/git/AndroidTAEnvironment/configurations/FlowDroid/1-way/config_FlowDroid_aplength5.xml,True,True,18508,1.0,0.2,0.333333333,0.875,0.518518519,0.651162791,DEFAULT,False,5,DEFAULT,DEFAULT,DEFAULT,DEFAULT,False,DEFAULT,DEFAULT,DEFAULT,False,False,False,DEFAULT,False,False,False,False,False,DEFAULT,DEFAULT
6862,1,/home/user/Documents/benchmarks/DroidBench30/benchmark/apks/Native/SinkInNativeCode.apk,Native,/home/user/Documents/git/AndroidTAEnvironment/configurations/FlowDroid/1-way/config_FlowDroid_aplength5.xml,True,False,12822,1.0,0.2,0.333333333,0.875,0.518518519,0.651162791,DEFAULT,False,5,DEFAULT,DEFAULT,DEFAULT,DEFAULT,False,DEFAULT,DEFAULT,DEFAULT,False,False,False,DEFAULT,False,False,False,False,False,DEFAULT,DEFAULT
6863,1,/home/user/Documents/benchmarks/DroidBench30/benchmark/apks/Native/JavaIDFunction.apk,Native,/home/user/Documents/git/AndroidTAEnvironment/configurations/FlowDroid/1-way/config_FlowDroid_aplength5.xml,True,False,12189,1.0,0.2,0.333333333,0.875,0.518518519,0.651162791,DEFAULT,False,5,DEFAULT,DEFAULT,DEFAULT,DEFAULT,False,DEFAULT,DEFAULT,DEFAULT,False,False,False,DEFAULT,False,False,False,False,False,DEFAULT,DEFAULT
6864,1,/home/user/Documents/benchmarks/DroidBench30/benchmark/apks/Native/SinkInNativeLibCode.apk,Native,/home/user/Documents/git/AndroidTAEnvironment/configurations/FlowDroid/1-way/config_FlowDroid_aplength5.xml,True,False,11545,1.0,0.2,0.333333333,0.875,0.518518519,0.651162791,DEFAULT,False,5,DEFAULT,DEFAULT,DEFAULT,DEFAULT,False,DEFAULT,DEFAULT,DEFAULT,False,False,False,DEFAULT,False,False,False,False,False,DEFAULT,DEFAULT
6865,1,/home/user/Documents/benchmarks/DroidBench30/benchmark/apks/Native/SourceInNativeCode.apk,Native,/home/user/Documents/git/AndroidTAEnvironment/configurations/FlowDroid/1-way/config_FlowDroid_aplength5.xml,True,False,10005,1.0,0.2,0.333333333,0.875,0.518518519,0.651162791,DEFAULT,False,5,DEFAULT,DEFAULT,DEFAULT,DEFAULT,False,DEFAULT,DEFAULT,DEFAULT,False,False,False,DEFAULT,False,False,False,False,False,DEFAULT,DEFAULT
6866,1,/home/user/Documents/benchmarks/DroidBench30/benchmark/apks/Reflection/Reflection4.apk,Reflection,/home/user/Documents/git/AndroidTAEnvironment/configurations/FlowDroid/1-way/config_FlowDroid_aplength5.xml,True,False,20781,1.0,0.111111111,0.2,0.875,0.518518519,0.651162791,DEFAULT,False,5,DEFAULT,DEFAULT,DEFAULT,DEFAULT,False,DEFAULT,DEFAULT,DEFAULT,False,False,False,DEFAULT,False,False,False,False,False,DEFAULT,DEFAULT
6867,1,/home/user/Documents/benchmarks/DroidBench30/benchmark/apks/Reflection/Reflection1.apk,Reflection,/home/user/Documents/git/AndroidTAEnvironment/configurations/FlowDroid/1-way/config_FlowDroid_aplength5.xml,True,True,17532,1.0,0.111111111,0.2,0.875,0.518518519,0.651162791,DEFAULT,False,5,DEFAULT,DEFAULT,DEFAULT,DEFAULT,False,DEFAULT,DEFAULT,DEFAULT,False,False,False,DEFAULT,False,False,False,False,False,DEFAULT,DEFAULT
6868,1,/home/user/Documents/benchmarks/DroidBench30/benchmark/apks/Reflection/Reflection7.apk,Reflection,/home/user/Documents/git/AndroidTAEnvironment/configurations/FlowDroid/1-way/config_FlowDroid_aplength5.xml,True,False,14272,1.0,0.111111111,0.2,0.875,0.518518519,0.651162791,DEFAULT,False,5,DEFAULT,DEFAULT,DEFAULT,DEFAULT,False,DEFAULT,DEFAULT,DEFAULT,False,False,False,DEFAULT,False,False,False,False,False,DEFAULT,DEFAULT
6869,1,/home/user/Documents/benchmarks/DroidBench30/benchmark/apks/Reflection/Reflection5.apk,Reflection,/home/user/Documents/git/AndroidTAEnvironment/configurations/FlowDroid/1-way/config_FlowDroid_aplength5.xml,True,False,13887,1.0,0.111111111,0.2,0.875,0.518518519,0.651162791,DEFAULT,False,5,DEFAULT,DEFAULT,DEFAULT,DEFAULT,False,DEFAULT,DEFAULT,DEFAULT,False,False,False,DEFAULT,False,False,False,False,False,DEFAULT,DEFAULT
6870,1,/home/user/Documents/benchmarks/DroidBench30/benchmark/apks/Reflection/Reflection6.apk,Reflection,/home/user/Documents/git/AndroidTAEnvironment/configurations/FlowDroid/1-way/config_FlowDroid_aplength5.xml,True,False,13178,1.0,0.111111111,0.2,0.875,0.518518519,0.651162791,DEFAULT,False,5,DEFAULT,DEFAULT,DEFAULT,DEFAULT,False,DEFAULT,DEFAULT,DEFAULT,False,False,False,DEFAULT,False,False,False,False,False,DEFAULT,DEFAULT
6871,1,/home/user/Documents/benchmarks/DroidBench30/benchmark/apks/Reflection/Reflection3.apk,Reflection,/home/user/Documents/git/AndroidTAEnvironment/configurations/FlowDroid/1-way/config_FlowDroid_aplength5.xml,True,False,13006,1.0,0.111111111,0.2,0.875,0.518518519,0.651162791,DEFAULT,False,5,DEFAULT,DEFAULT,DEFAULT,DEFAULT,False,DEFAULT,DEFAULT,DEFAULT,False,False,False,DEFAULT,False,False,False,False,False,DEFAULT,DEFAULT
6872,1,/home/user/Documents/benchmarks/DroidBench30/benchmark/apks/Reflection/Reflection8.apk,Reflection,/home/user/Documents/git/AndroidTAEnvironment/configurations/FlowDroid/1-way/config_FlowDroid_aplength5.xml,True,False,12520,1.0,0.111111111,0.2,0.875,0.518518519,0.651162791,DEFAULT,False,5,DEFAULT,DEFAULT,DEFAULT,DEFAULT,False,DEFAULT,DEFAULT,DEFAULT,False,False,False,DEFAULT,False,False,False,False,False,DEFAULT,DEFAULT
6873,1,/home/user/Documents/benchmarks/DroidBench30/benchmark/apks/Reflection/Reflection9.apk,Reflection,/home/user/Documents/git/AndroidTAEnvironment/configurations/FlowDroid/1-way/config_FlowDroid_aplength5.xml,True,False,12515,1.0,0.111111111,0.2,0.875,0.518518519,0.651162791,DEFAULT,False,5,DEFAULT,DEFAULT,DEFAULT,DEFAULT,False,DEFAULT,DEFAULT,DEFAULT,False,False,False,DEFAULT,False,False,False,False,False,DEFAULT,DEFAULT
6874,1,/home/user/Documents/benchmarks/DroidBench30/benchmark/apks/Reflection/Reflection2.apk,Reflection,/home/user/Documents/git/AndroidTAEnvironment/configurations/FlowDroid/1-way/config_FlowDroid_aplength5.xml,True,False,11258,1.0,0.111111111,0.2,0.875,0.518518519,0.651162791,DEFAULT,False,5,DEFAULT,DEFAULT,DEFAULT,DEFAULT,False,DEFAULT,DEFAULT,DEFAULT,False,False,False,DEFAULT,False,False,False,False,False,DEFAULT,DEFAULT
6875,1,/home/user/Documents/benchmarks/DroidBench30/benchmark/apks/Reflection_ICC/OnlyIntentReceive.apk,Reflection_ICC,/home/user/Documents/git/AndroidTAEnvironment/configurations/FlowDroid/1-way/config_FlowDroid_aplength5.xml,True,False,18855,0.0,0.0,0.0,0.875,0.518518519,0.651162791,DEFAULT,False,5,DEFAULT,DEFAULT,DEFAULT,DEFAULT,False,DEFAULT,DEFAULT,DEFAULT,False,False,False,DEFAULT,False,False,False,False,False,DEFAULT,DEFAULT
6876,1,/home/user/Documents/benchmarks/DroidBench30/benchmark/apks/Reflection_ICC/OnlyIntent.apk,Reflection_ICC,/home/user/Documents/git/AndroidTAEnvironment/configurations/FlowDroid/1-way/config_FlowDroid_aplength5.xml,True,False,17535,0.0,0.0,0.0,0.875,0.518518519,0.651162791,DEFAULT,False,5,DEFAULT,DEFAULT,DEFAULT,DEFAULT,False,DEFAULT,DEFAULT,DEFAULT,False,False,False,DEFAULT,False,False,False,False,False,DEFAULT,DEFAULT
6877,1,/home/user/Documents/benchmarks/DroidBench30/benchmark/apks/Reflection_ICC/ActivityCommunication2.apk,Reflection_ICC,/home/user/Documents/git/AndroidTAEnvironment/configurations/FlowDroid/1-way/config_FlowDroid_aplength5.xml,True,False,16738,0.0,0.0,0.0,0.875,0.518518519,0.651162791,DEFAULT,False,5,DEFAULT,DEFAULT,DEFAULT,DEFAULT,False,DEFAULT,DEFAULT,DEFAULT,False,False,False,DEFAULT,False,False,False,False,False,DEFAULT,DEFAULT
6878,1,/home/user/Documents/benchmarks/DroidBench30/benchmark/apks/Reflection_ICC/ActivityCommunication2.apk,Reflection_ICC,/home/user/Documents/git/AndroidTAEnvironment/configurations/FlowDroid/1-way/config_FlowDroid_aplength5.xml,False,True,14365,0.0,0.0,0.0,0.875,0.518518519,0.651162791,DEFAULT,False,5,DEFAULT,DEFAULT,DEFAULT,DEFAULT,False,DEFAULT,DEFAULT,DEFAULT,False,False,False,DEFAULT,False,False,False,False,False,DEFAULT,DEFAULT
6879,1,/home/user/Documents/benchmarks/DroidBench30/benchmark/apks/Reflection_ICC/OnlyTelephony_Dynamic.apk,Reflection_ICC,/home/user/Documents/git/AndroidTAEnvironment/configurations/FlowDroid/1-way/config_FlowDroid_aplength5.xml,True,False,13521,0.0,0.0,0.0,0.875,0.518518519,0.651162791,DEFAULT,False,5,DEFAULT,DEFAULT,DEFAULT,DEFAULT,False,DEFAULT,DEFAULT,DEFAULT,False,False,False,DEFAULT,False,False,False,False,False,DEFAULT,DEFAULT
6880,1,/home/user/Documents/benchmarks/DroidBench30/benchmark/apks/Reflection_ICC/SharedPreferences1.apk,Reflection_ICC,/home/user/Documents/git/AndroidTAEnvironment/configurations/FlowDroid/1-way/config_FlowDroid_aplength5.xml,True,False,13386,0.0,0.0,0.0,0.875,0.518518519,0.651162791,DEFAULT,False,5,DEFAULT,DEFAULT,DEFAULT,DEFAULT,False,DEFAULT,DEFAULT,DEFAULT,False,False,False,DEFAULT,False,False,False,False,False,DEFAULT,DEFAULT
6881,1,/home/user/Documents/benchmarks/DroidBench30/benchmark/apks/Reflection_ICC/SharedPreferences1.apk,Reflection_ICC,/home/user/Documents/git/AndroidTAEnvironment/configurations/FlowDroid/1-way/config_FlowDroid_aplength5.xml,True,False,12519,0.0,0.0,0.0,0.875,0.518518519,0.651162791,DEFAULT,False,5,DEFAULT,DEFAULT,DEFAULT,DEFAULT,False,DEFAULT,DEFAULT,DEFAULT,False,False,False,DEFAULT,False,False,False,False,False,DEFAULT,DEFAULT
6882,1,/home/user/Documents/benchmarks/DroidBench30/benchmark/apks/Reflection_ICC/AllReflection.apk,Reflection_ICC,/home/user/Documents/git/AndroidTAEnvironment/configurations/FlowDroid/1-way/config_FlowDroid_aplength5.xml,True,False,11561,0.0,0.0,0.0,0.875,0.518518519,0.651162791,DEFAULT,False,5,DEFAULT,DEFAULT,DEFAULT,DEFAULT,False,DEFAULT,DEFAULT,DEFAULT,False,False,False,DEFAULT,False,False,False,False,False,DEFAULT,DEFAULT
6883,1,/home/user/Documents/benchmarks/DroidBench30/benchmark/apks/Reflection_ICC/OnlyTelephony_Substring.apk,Reflection_ICC,/home/user/Documents/git/AndroidTAEnvironment/configurations/FlowDroid/1-way/config_FlowDroid_aplength5.xml,True,False,11066,0.0,0.0,0.0,0.875,0.518518519,0.651162791,DEFAULT,False,5,DEFAULT,DEFAULT,DEFAULT,DEFAULT,False,DEFAULT,DEFAULT,DEFAULT,False,False,False,DEFAULT,False,False,False,False,False,DEFAULT,DEFAULT
6884,1,/home/user/Documents/benchmarks/DroidBench30/benchmark/apks/Reflection_ICC/OnlyTelephony.apk,Reflection_ICC,/home/user/Documents/git/AndroidTAEnvironment/configurations/FlowDroid/1-way/config_FlowDroid_aplength5.xml,True,False,10925,0.0,0.0,0.0,0.875,0.518518519,0.651162791,DEFAULT,False,5,DEFAULT,DEFAULT,DEFAULT,DEFAULT,False,DEFAULT,DEFAULT,DEFAULT,False,False,False,DEFAULT,False,False,False,False,False,DEFAULT,DEFAULT
6885,1,/home/user/Documents/benchmarks/DroidBench30/benchmark/apks/Reflection_ICC/OnlySMS.apk,Reflection_ICC,/home/user/Documents/git/AndroidTAEnvironment/configurations/FlowDroid/1-way/config_FlowDroid_aplength5.xml,True,False,10682,0.0,0.0,0.0,0.875,0.518518519,0.651162791,DEFAULT,False,5,DEFAULT,DEFAULT,DEFAULT,DEFAULT,False,DEFAULT,DEFAULT,DEFAULT,False,False,False,DEFAULT,False,False,False,False,False,DEFAULT,DEFAULT
6886,1,/home/user/Documents/benchmarks/DroidBench30/benchmark/apks/Reflection_ICC/OnlyTelephony_Reverse.apk,Reflection_ICC,/home/user/Documents/git/AndroidTAEnvironment/configurations/FlowDroid/1-way/config_FlowDroid_aplength5.xml,True,False,10599,0.0,0.0,0.0,0.875,0.518518519,0.651162791,DEFAULT,False,5,DEFAULT,DEFAULT,DEFAULT,DEFAULT,False,DEFAULT,DEFAULT,DEFAULT,False,False,False,DEFAULT,False,False,False,False,False,DEFAULT,DEFAULT
6887,1,/home/user/Documents/benchmarks/DroidBench30/benchmark/apks/SelfModification/BytecodeTamper1.apk,SelfModification,/home/user/Documents/git/AndroidTAEnvironment/configurations/FlowDroid/1-way/config_FlowDroid_aplength5.xml,True,False,14196,0.0,0.0,0.0,0.875,0.518518519,0.651162791,DEFAULT,False,5,DEFAULT,DEFAULT,DEFAULT,DEFAULT,False,DEFAULT,DEFAULT,DEFAULT,False,False,False,DEFAULT,False,False,False,False,False,DEFAULT,DEFAULT
6888,1,/home/user/Documents/benchmarks/DroidBench30/benchmark/apks/SelfModification/BytecodeTamper1.apk,SelfModification,/home/user/Documents/git/AndroidTAEnvironment/configurations/FlowDroid/1-way/config_FlowDroid_aplength5.xml,False,True,12982,0.0,0.0,0.0,0.875,0.518518519,0.651162791,DEFAULT,False,5,DEFAULT,DEFAULT,DEFAULT,DEFAULT,False,DEFAULT,DEFAULT,DEFAULT,False,False,False,DEFAULT,False,False,False,False,False,DEFAULT,DEFAULT
6889,1,/home/user/Documents/benchmarks/DroidBench30/benchmark/apks/SelfModification/BytecodeTamper3.apk,SelfModification,/home/user/Documents/git/AndroidTAEnvironment/configurations/FlowDroid/1-way/config_FlowDroid_aplength5.xml,True,False,12102,0.0,0.0,0.0,0.875,0.518518519,0.651162791,DEFAULT,False,5,DEFAULT,DEFAULT,DEFAULT,DEFAULT,False,DEFAULT,DEFAULT,DEFAULT,False,False,False,DEFAULT,False,False,False,False,False,DEFAULT,DEFAULT
6890,1,/home/user/Documents/benchmarks/DroidBench30/benchmark/apks/SelfModification/BytecodeTamper2.apk,SelfModification,/home/user/Documents/git/AndroidTAEnvironment/configurations/FlowDroid/1-way/config_FlowDroid_aplength5.xml,True,False,11882,0.0,0.0,0.0,0.875,0.518518519,0.651162791,DEFAULT,False,5,DEFAULT,DEFAULT,DEFAULT,DEFAULT,False,DEFAULT,DEFAULT,DEFAULT,False,False,False,DEFAULT,False,False,False,False,False,DEFAULT,DEFAULT
6891,1,/home/user/Documents/benchmarks/DroidBench30/benchmark/apks/SelfModification/BytecodeTamper3.apk,SelfModification,/home/user/Documents/git/AndroidTAEnvironment/configurations/FlowDroid/1-way/config_FlowDroid_aplength5.xml,False,True,9560,0.0,0.0,0.0,0.875,0.518518519,0.651162791,DEFAULT,False,5,DEFAULT,DEFAULT,DEFAULT,DEFAULT,False,DEFAULT,DEFAULT,DEFAULT,False,False,False,DEFAULT,False,False,False,False,False,DEFAULT,DEFAULT
6892,1,/home/user/Documents/benchmarks/DroidBench30/benchmark/apks/Threading/TimerTask1.apk,Threading,/home/user/Documents/git/AndroidTAEnvironment/configurations/FlowDroid/1-way/config_FlowDroid_aplength5.xml,True,False,18975,1.0,0.833333333,0.909090909,0.875,0.518518519,0.651162791,DEFAULT,False,5,DEFAULT,DEFAULT,DEFAULT,DEFAULT,False,DEFAULT,DEFAULT,DEFAULT,False,False,False,DEFAULT,False,False,False,False,False,DEFAULT,DEFAULT
6893,1,/home/user/Documents/benchmarks/DroidBench30/benchmark/apks/Threading/JavaThread2.apk,Threading,/home/user/Documents/git/AndroidTAEnvironment/configurations/FlowDroid/1-way/config_FlowDroid_aplength5.xml,True,True,15293,1.0,0.833333333,0.909090909,0.875,0.518518519,0.651162791,DEFAULT,False,5,DEFAULT,DEFAULT,DEFAULT,DEFAULT,False,DEFAULT,DEFAULT,DEFAULT,False,False,False,DEFAULT,False,False,False,False,False,DEFAULT,DEFAULT
6894,1,/home/user/Documents/benchmarks/DroidBench30/benchmark/apks/Threading/JavaThread1.apk,Threading,/home/user/Documents/git/AndroidTAEnvironment/configurations/FlowDroid/1-way/config_FlowDroid_aplength5.xml,True,True,15127,1.0,0.833333333,0.909090909,0.875,0.518518519,0.651162791,DEFAULT,False,5,DEFAULT,DEFAULT,DEFAULT,DEFAULT,False,DEFAULT,DEFAULT,DEFAULT,False,False,False,DEFAULT,False,False,False,False,False,DEFAULT,DEFAULT
6895,1,/home/user/Documents/benchmarks/DroidBench30/benchmark/apks/Threading/Looper1.apk,Threading,/home/user/Documents/git/AndroidTAEnvironment/configurations/FlowDroid/1-way/config_FlowDroid_aplength5.xml,True,True,14945,1.0,0.833333333,0.909090909,0.875,0.518518519,0.651162791,DEFAULT,False,5,DEFAULT,DEFAULT,DEFAULT,DEFAULT,False,DEFAULT,DEFAULT,DEFAULT,False,False,False,DEFAULT,False,False,False,False,False,DEFAULT,DEFAULT
6896,1,/home/user/Documents/benchmarks/DroidBench30/benchmark/apks/Threading/AsyncTask1.apk,Threading,/home/user/Documents/git/AndroidTAEnvironment/configurations/FlowDroid/1-way/config_FlowDroid_aplength5.xml,True,True,13186,1.0,0.833333333,0.909090909,0.875,0.518518519,0.651162791,DEFAULT,False,5,DEFAULT,DEFAULT,DEFAULT,DEFAULT,False,DEFAULT,DEFAULT,DEFAULT,False,False,False,DEFAULT,False,False,False,False,False,DEFAULT,DEFAULT
6897,1,/home/user/Documents/benchmarks/DroidBench30/benchmark/apks/Threading/Executor1.apk,Threading,/home/user/Documents/git/AndroidTAEnvironment/configurations/FlowDroid/1-way/config_FlowDroid_aplength5.xml,True,True,12203,1.0,0.833333333,0.909090909,0.875,0.518518519,0.651162791,DEFAULT,False,5,DEFAULT,DEFAULT,DEFAULT,DEFAULT,False,DEFAULT,DEFAULT,DEFAULT,False,False,False,DEFAULT,False,False,False,False,False,DEFAULT,DEFAULT
6898,1,/home/user/Documents/benchmarks/DroidBench30/benchmark/apks/UnreachableCode/UnreachableSource1.apk,UnreachableCode,/home/user/Documents/git/AndroidTAEnvironment/configurations/FlowDroid/1-way/config_FlowDroid_aplength5.xml,True,True,8691,1.0,1.0,1.0,0.875,0.518518519,0.651162791,DEFAULT,False,5,DEFAULT,DEFAULT,DEFAULT,DEFAULT,False,DEFAULT,DEFAULT,DEFAULT,False,False,False,DEFAULT,False,False,False,False,False,DEFAULT,DEFAULT
6899,1,/home/user/Documents/benchmarks/DroidBench30/benchmark/apks/UnreachableCode/UnreachableSink1.apk,UnreachableCode,/home/user/Documents/git/AndroidTAEnvironment/configurations/FlowDroid/1-way/config_FlowDroid_aplength5.xml,True,True,12696,1.0,1.0,1.0,0.875,0.518518519,0.651162791,DEFAULT,False,5,DEFAULT,DEFAULT,DEFAULT,DEFAULT,False,DEFAULT,DEFAULT,DEFAULT,False,False,False,DEFAULT,False,False,False,False,False,DEFAULT,DEFAULT
6900,1,/home/user/Documents/benchmarks/DroidBench30/benchmark/apks/UnreachableCode/UnreachableBoth.apk,UnreachableCode,/home/user/Documents/git/AndroidTAEnvironment/configurations/FlowDroid/1-way/config_FlowDroid_aplength5.xml,True,True,11117,1.0,1.0,1.0,0.875,0.518518519,0.651162791,DEFAULT,False,5,DEFAULT,DEFAULT,DEFAULT,DEFAULT,False,DEFAULT,DEFAULT,DEFAULT,False,False,False,DEFAULT,False,False,False,False,False,DEFAULT,DEFAULT
6901,1,/home/user/Documents/benchmarks/DroidBench30/benchmark/apks/UnreachableCode/SimpleUnreachable1.apk,UnreachableCode,/home/user/Documents/git/AndroidTAEnvironment/configurations/FlowDroid/1-way/config_FlowDroid_aplength5.xml,False,True,17612,1.0,1.0,1.0,0.875,0.518518519,0.651162791,DEFAULT,False,5,DEFAULT,DEFAULT,DEFAULT,DEFAULT,False,DEFAULT,DEFAULT,DEFAULT,False,False,False,DEFAULT,False,False,False,False,False,DEFAULT,DEFAULT
